0,189.84,157.26,234.52,192.59,256.32,252.18,201.03,201.9,202.62,183.51,196.82,162.23,348.96,334.73,243.77,215.9,283.7,165.91,181.39,151.26,189.59,207.82,176.04,189.28,172.43,170.51,231.53,287.68,205.01,212.35,268.76,207.93,219.49,193.86,193.77,173.49,224.3,169.42,171.57,159.25,192.26,374.38,128.85,149.26,153.33,144.92,149.91,127.01,390.28,139.09,305.33,134.2,231.09,263.26,255.2,395.04,430.73,213.64,237.48,142.03,221.73,350.72,155.06,212.68,215.52,188.56,172.53,147.81,167.97,226.65,252.72,161.37,140.93,163.25,134.69,137.22,185.4,218.4,163.13,156.18,162.09,156.29,464.79,132.97,126
1,192.63,159.99,314.08,195.87,283.76,271.16,229.77,216.23,257.29,232.02,223.81,172.46,387.96,458.51,243.31,216.05,522.67,167.59,194.71,152.03,201.8,211.54,199.51,187.97,178.8,184.51,404.25,287.16,212.93,239.28,347.36,211.42,297.11,176.89,208.9,172.83,243.37,178.14,173.39,161.61,187.89,306.34,128.46,157.89,153.57,143.87,204.12,140.02,366.96,147.46,302.2,142.22,317.52,290.28,400.24,413.26,503.54,321.05,239.43,144.33,236.11,394.4,153.89,227.85,215.08,186.59,177.4,151.26,174.54,258.6,406.52,160.81,143.76,191.41,133.32,138.01,182.81,224.24,169.98,156.71,178.6,154.83,622.85,144.8,148.95
2,195.42,162.72,393.64,199.15,311.2,290.14,258.51,230.56,311.97,280.52,250.79,182.69,426.97,582.29,242.85,216.2,761.64,169.28,208.04,152.81,214.01,215.26,222.98,186.67,185.18,198.52,576.97,286.64,220.85,266.21,425.95,214.91,374.73,159.92,224.04,172.17,262.44,186.86,175.22,163.97,183.53,238.3,128.06,166.52,153.81,142.83,258.33,153.03,343.63,155.84,299.07,150.24,403.96,317.31,545.28,431.49,576.35,428.45,241.39,146.64,250.5,438.07,152.72,243.01,214.65,184.62,182.27,154.7,181.11,290.54,560.32,160.25,146.58,219.58,131.95,138.79,180.23,230.09,176.82,157.24,195.12,153.37,780.92,156.62,171.91
3,206.56,169.16,486.03,204.92,358.15,330.38,303.85,255.41,368.32,347.98,290.26,199.3,495.04,748.19,263.53,226.71,993.98,174.61,232.35,156.21,244.88,234.27,260.38,196.92,199.48,214.27,744.7,293.04,230.9,316.77,505.63,227.5,472.3,144.32,251.85,180.75,293,207.53,185.07,171.24,188.06,179.12,127.92,177.03,158.34,142.76,321.52,170.74,336.26,174.97,305.16,159.09,507.42,372.86,694.73,465.63,643.69,532.88,245.58,151.75,278.58,525.28,154.69,273.29,229.25,186.34,191.7,162.68,191.86,337.62,723.12,161.92,151.61,255.94,131.26,147.68,183.54,250.84,189.36,159.3,223.22,154.75,966.45,171.34,192.13
4,309.55,216.43,719.48,238.05,619.69,604.57,531.71,396.04,443.07,624.05,466.99,286.14,882.91,1377.3,516.84,351.17,1153.4,220.06,377.55,188.55,480.88,421.39,451.07,334.37,301.03,249.26,857.53,375.4,264.51,627.11,597.24,340.24,789.35,143.74,419.04,290.9,450,359.55,283.17,232.45,290.47,217.42,130.54,208.19,210.09,153.4,483.5,240.16,504.28,312.45,412.7,177.05,798.25,742.22,892.72,674.82,650.81,604.49,274.38,187.82,457.34,1091.3,191.15,469.87,409.25,228.7,251.22,220.47,248.6,551.23,984.91,188.12,180.88,382.45,138.06,245.75,251.73,435.53,264.56,178.32,378.8,187.42,1454.1,217.91,182.39
5,412.53,263.7,952.93,271.18,881.23,878.76,759.57,536.66,517.83,900.12,643.72,372.98,1270.8,2006.4,770.14,475.62,1312.8,265.51,522.75,220.89,716.89,608.51,641.76,471.83,402.58,284.26,970.36,457.76,298.11,937.45,688.86,452.98,1106.4,143.16,586.23,401.06,607,511.57,381.27,293.66,392.88,255.71,133.17,239.36,261.84,164.04,645.48,309.59,672.3,449.94,520.23,195.01,1089.1,1111.6,1090.7,884.02,657.94,676.11,303.17,223.88,636.09,1657.4,227.62,666.45,589.26,271.05,310.75,278.26,305.35,764.84,1246.7,214.31,210.15,508.96,144.86,343.82,319.92,620.22,339.76,197.33,534.37,220.09,1941.8,264.49,172.65
6,519.11,314.15,1127,318.63,1131.3,1097.9,953.69,656,575.04,1144.5,781.64,456.97,1578.2,2500,1012.1,593.03,1418.7,316.2,651.87,254.41,949.27,783.72,797.56,608.35,477.76,319.87,1059.3,557.08,326.61,1201.4,793.26,585.14,1373.6,142.22,725.79,515.72,751.25,637,482.8,352.65,502.5,286.61,147.44,266.29,317.47,173.7,770.05,364.73,836.9,574.41,658.4,211.33,1333.2,1435.7,1235.8,1079.7,663.36,733.53,367.25,259.17,800.57,2064.2,274.86,825.14,740.6,304.53,358.85,332.62,353.56,946.05,1439.2,232.91,236.89,631.84,151.22,423.13,375.37,791.37,405.96,215.45,672.17,256.45,2326.3,303.37,169.7
7,646.06,382.69,964.89,447.25,1316.2,1005.4,956.69,654.69,532.85,1209.4,699.65,524.77,1429.5,2225.5,1190,670.52,1221.2,396.54,689.83,294.66,1161.1,891.4,755.62,739.63,403.54,358.97,1013.2,752.49,326.16,1202.6,970.11,827.38,1358.5,139.22,708.77,655.85,823.32,611.71,603.82,399.11,653,275.59,227.68,269.25,395.03,177.77,682.56,338.97,982.15,625.15,970.15,218.32,1312.5,1503.2,1081,1198.6,659.13,710.53,631.27,290.07,884.11,1568.7,383.17,769.15,729.51,287.66,342.26,367.52,353.4,943.7,1239.5,208.4,249.25,734.1,155.09,396.1,358.66,885.75,421.19,228.46,709.2,313.7,2126,298.67,205.22
8,773.01,451.23,802.74,575.87,1501.1,912.87,959.68,653.38,490.66,1274.4,617.66,592.57,1280.8,1951,1367.8,748,1023.7,476.88,727.78,334.91,1372.9,999.09,713.67,870.91,329.33,398.08,967.06,947.9,325.71,1203.8,1147,1069.6,1343.5,136.23,691.75,795.99,895.38,586.41,724.84,445.57,803.51,264.57,307.91,272.21,472.6,181.84,595.08,313.2,1127.4,675.88,1281.9,225.32,1291.7,1570.7,926.28,1317.5,654.89,687.52,895.29,320.98,967.65,1073.2,491.47,713.15,718.42,270.8,325.67,402.42,353.24,941.35,1039.7,183.9,261.61,836.37,158.95,369.08,341.95,980.14,436.42,241.46,746.24,370.95,1925.8,293.96,240.73
9,842.16,503.74,652.79,647.37,1583.2,812.22,926.51,624.27,451.28,1289.2,539.69,623.52,1170.7,1639.1,1443.1,787.39,835.55,527.73,751.29,359.25,1492.4,1052.3,655.01,937.26,268.61,413.8,904.48,1077.5,321.15,1180.6,1230.3,1223.7,1300.3,235.86,654.51,885.79,907.6,553.93,800.79,470.2,890.92,253.21,354.77,267.12,529,183.95,513.83,283.8,1242.3,700.36,1494,225.14,1224.6,1550.2,773.73,1349.3,636.68,643.91,1070,345.2,1011.8,673.9,549.19,645.51,685.76,256.6,304.89,412.02,340.85,897.91,851.38,167.04,264.36,885.68,161.48,335.2,321.08,1016.5,441.38,247.12,750.59,411.52,1701,280.7,260.25
10,721.42,503.6,542.9,531.16,1327.6,684.91,774.52,503.83,421.13,1139.3,474.93,533.43,1187.2,1204.2,1181.6,701.59,678.23,481.66,727.32,331.29,1308.3,926.72,541.37,790.3,252.23,352.67,787.89,990.66,303.06,1077.4,1006.3,1088,1165.1,672.66,550.86,810.21,723.18,497.82,728.68,423.13,771,240.76,291.92,235.6,515.85,179.65,453.04,242.48,1257.7,638.58,1378.8,201.39,1005,1240.6,628.43,1094.8,572.53,532.58,951.07,347.45,926.7,590.58,440.66,539.63,582.21,251.16,270.38,338.51,288.28,719.45,700.82,175.28,235.49,760.98,159.61,278.82,286.51,862.47,412.62,228.64,647.54,397.28,1395.7,239.3,227.18
11,600.68,503.45,433.02,414.94,1072.1,557.61,622.53,383.4,390.99,989.5,410.17,443.34,1203.7,769.37,920,615.8,520.9,435.59,703.36,303.34,1124.2,801.1,427.73,643.34,235.85,291.55,671.29,903.86,284.98,974.23,782.32,952.31,1029.8,1109.5,447.22,734.64,538.77,441.72,656.58,376.06,651.08,228.3,229.08,204.07,502.71,175.36,392.25,201.16,1273,576.81,1263.7,177.63,785.48,930.87,483.14,840.37,508.37,421.26,832.17,349.71,841.57,507.25,332.13,433.75,478.66,245.72,235.87,265,235.7,541,550.27,183.53,206.63,636.28,157.74,222.44,251.95,708.39,383.86,210.15,544.49,383.04,1090.5,197.91,194.11
12,490.59,479.48,347.62,324.04,845.43,455.83,495.27,291.37,353.68,828.03,348.67,363.91,1146.4,445.41,701.22,531.68,400.38,386.61,650.84,274.13,943.22,687.13,335.26,509.26,219.88,256.08,556.24,800.45,269.86,852.8,604.95,811.76,910.93,1340.4,361.46,637.43,392.26,386.82,580.6,333.83,545.1,224.51,182.02,178.95,469.26,172.54,331.95,168.63,1218.4,504.7,1125.5,159.79,602.09,681.26,371.73,630.28,448.05,335.06,724.97,337.31,740.55,438.52,247.88,347.82,390.48,239.95,208.32,209.51,196.11,402.03,427.93,186.59,182.38,525.12,154.13,178.01,225.09,591.07,357.67,193.75,439.87,351.52,854.47,165.23,168.82
13,405.33,399.92,319.35,292.21,686.19,413.62,425.72,265.61,299.65,639.45,294.76,309.36,916.93,380.18,582.31,451.47,365.77,330.82,531.7,242.01,769.64,600.31,292.2,405.23,204.89,280.43,444.79,658.28,261.68,688.81,536.36,659.85,830.39,1090.8,317.46,489.74,334.22,334.77,495.58,302.89,471.67,240.96,171.79,168.77,388.46,173.17,272.81,156.63,1000.4,408.5,933.81,155.76,503.1,571.84,339.39,523.76,396.66,307.46,645.04,290.71,602.45,403.82,220.25,308.49,338.15,233.41,197.02,196.08,186.82,355.18,371.46,177.55,168.91,445.54,146.49,161.47,216.17,559.54,337.47,182.24,331.57,279.68,780.03,152.86,161.69
14,320.08,320.36,291.08,260.38,526.95,371.4,356.17,239.85,245.63,450.87,240.85,254.81,687.46,314.94,463.4,371.25,331.16,275.04,412.55,209.9,596.06,513.5,249.14,301.2,189.9,304.79,333.34,516.11,253.49,524.81,467.77,507.94,749.84,841.29,273.47,342.05,276.18,282.71,410.57,271.96,398.23,257.4,161.56,158.6,307.65,173.8,213.67,144.63,782.45,312.31,742.08,151.72,404.1,462.41,307.05,417.24,345.27,279.87,565.11,244.1,464.35,369.12,192.62,269.15,285.83,226.87,185.72,182.64,177.52,308.33,314.99,168.51,155.45,365.96,138.84,144.93,207.26,528.01,317.27,170.72,223.27,207.84,705.58,140.5,154.56
15,262.59,261.34,272.37,236.11,418.51,340.29,303.99,221.03,213.66,322.05,204.55,216.91,530.21,275.15,376.42,309.99,304.74,234.93,322.77,186.23,463.75,437.9,216.88,233.52,177.99,302.84,255.33,422.62,243.44,408.66,407.65,390.87,672.42,638.4,247.69,243.42,242.37,244,338.97,244.38,336.45,250.43,153.01,151.62,249.22,170.29,174.86,137.75,619.27,243.57,583.31,147.66,332.85,380.56,288.56,339.23,304.64,277.37,492.34,210.31,365.77,337.87,172.23,240.21,250.91,218.61,180.01,175.15,171.74,274.97,275.88,162.68,145.98,305.18,134.56,135.04,199.42,497.02,303.12,163.08,155.45,164.55,634.32,131.86,149.01
16,249.78,235.36,269.05,224.01,391.78,327.02,279.76,213.38,217.19,289.39,196.58,205.82,489.13,276.3,340.8,279.23,291.5,220.06,280.21,176.15,397.85,380.35,202.01,224.3,171.03,258.56,231.11,407.45,230.4,369.48,361.18,329.86,600,510.57,251.23,223.7,247.54,226.76,288.98,222.2,293.41,205.81,147.15,149.8,226.8,160.14,168.74,139.11,544.24,219,477.56,143.54,306.23,343.06,292.35,307.1,281.28,315.23,431.09,197.11,330.76,312.17,163.47,227.98,243.99,207.58,183.29,177.22,171.62,263.32,264.73,162,142.94,274.64,135.71,135.85,193.31,466.91,298.7,161.67,152.72,167.19,568.2,129.22,145.99
17,236.98,209.38,265.73,211.91,365.04,313.76,255.53,205.72,220.71,256.73,188.62,194.72,448.05,277.44,305.19,248.46,278.26,205.19,237.66,166.08,331.95,322.81,187.14,215.08,164.08,214.28,206.89,392.27,217.36,330.29,314.71,268.85,527.58,382.73,254.77,203.97,252.71,209.51,238.98,200.01,250.36,161.18,141.28,147.97,204.37,149.99,162.62,140.47,469.21,194.44,371.81,139.42,279.6,305.57,296.13,274.96,257.93,353.1,369.84,183.92,295.75,286.47,154.71,215.76,237.07,196.55,186.57,179.3,171.49,251.67,253.57,161.32,139.91,244.1,136.86,136.67,187.19,436.8,294.28,160.25,149.99,169.83,502.07,126.59,142.98
18,227.04,191.09,264.13,203.39,341.33,300.68,240.8,204.07,221.46,235.14,185.96,186.78,402.82,270.49,286.61,231.78,266.08,195.96,211.46,158.78,282.69,277.9,179.45,205.54,160.35,199.3,190.83,373.56,209.81,300.49,291.06,233.5,485.23,300.06,252.83,192.9,249.47,196.53,207.06,185.77,220.24,137.29,137.45,147.07,189.39,144.17,160.36,139.35,410.96,175.5,304.6,136.27,261.47,283.27,295.03,263.18,256.16,382.12,324.48,173.88,273.41,270.76,151.59,210.99,226.03,188.81,184.67,176.04,171.48,241.55,248.19,160.78,139.07,220.19,136.7,137.07,179.99,405.53,290.25,158.66,148.16,170.29,492.2,125.82,140.25
19,220.62,182.21,264.63,199.23,321.32,287.82,237.7,209.75,218.83,227.05,189.8,182.69,352.49,253.63,288.86,232.32,255.18,193.64,205.26,154.87,253.78,248.43,180.53,195.63,160.56,220.12,184.77,350.52,208.99,282.16,295.31,229.52,479.63,272.59,244.2,192.39,235.94,188.77,197.22,181.21,205.92,138.75,136.09,147.28,183.52,143.65,162.79,135.19,373.21,163.44,284.49,134.29,253.72,279.53,287.95,276.26,280.77,400.33,298.54,167.71,266.56,267.28,155.37,215.31,209.96,185.06,176.45,166.27,171.61,233.32,249.87,160.41,140.93,204.36,134.93,136.96,171.47,372.84,286.7,156.83,147.42,168.08,551.11,127.35,137.89
20,214.2,173.33,265.13,195.07,301.31,274.95,234.59,215.43,216.19,218.97,193.63,178.61,302.17,236.77,291.12,232.85,244.29,191.32,199.06,150.96,224.87,218.96,181.61,185.72,160.77,240.93,178.7,327.49,208.16,263.83,299.56,225.55,474.04,245.11,235.56,191.88,222.4,181,187.39,176.66,191.6,140.2,134.73,147.5,177.64,143.13,165.23,131.02,335.46,151.38,264.39,132.32,245.97,275.8,280.87,289.34,305.37,418.55,272.6,161.54,259.7,263.8,159.15,219.63,193.89,181.32,168.24,156.5,171.75,225.09,251.55,160.05,142.79,188.54,133.16,136.85,162.94,340.15,283.15,155.01,146.68,165.87,610.02,128.87,135.52
21,210.5,166.87,261.71,193.32,296.17,270.57,228.81,215.9,257.81,215.01,192.74,178.86,281.62,231.65,290.08,229.73,244.03,192.21,195.25,149.82,206.68,205.3,181.06,183.75,159.35,241.68,178.33,311.44,206.52,248.55,294.3,222.56,462.01,228.93,234.56,189.83,215.33,175.47,184.9,172.26,180.27,141.51,134.33,148.51,170.71,142.68,165.26,132.83,319.75,145.27,261.34,131.28,241.3,267.4,274.95,284.13,322.58,432.89,259.61,156.3,261.83,266.1,160.52,218.82,187.84,177.94,164.58,150.2,171.95,216.87,242.17,160.34,143.47,178.4,131.56,136.49,159.17,327.29,274.88,152.37,148.11,163.79,616.67,127.9,135.11
22,209.19,162.52,254.86,193.66,304.06,273.6,220.68,211.81,338.15,214.67,187.69,182.91,287.12,236.81,286.18,223.41,253.06,195.91,193.53,151.11,197.87,205.48,179.06,188.73,156.5,224.86,182.94,301.49,204.17,235.93,280.71,220.43,444.36,222.62,240.26,186.44,213.9,171.91,188.84,168,171.57,142.7,134.78,150.21,162.83,142.3,163.19,139.86,323.33,144.37,273.22,131.04,239.31,254.94,270.05,262.91,333.31,443.84,257.95,151.89,271.82,273.46,159.78,213.52,190.56,174.87,164.91,146.93,172.22,208.68,223.11,161.21,143.12,173.24,130.12,135.91,159.56,331.78,262.48,149.02,151.44,161.82,577.58,124.74,136.4
23,207.88,158.16,248.01,194.01,311.95,276.64,212.55,207.72,418.5,214.32,182.65,186.95,292.62,241.96,282.27,217.08,262.1,199.62,191.8,152.4,189.07,205.65,177.07,193.71,153.65,208.05,187.55,291.54,201.81,223.31,267.12,218.3,426.71,216.31,245.95,183.06,212.47,168.35,192.79,163.74,162.87,143.89,135.23,151.92,154.96,141.93,161.11,146.9,326.91,143.48,285.11,130.81,237.32,242.48,265.15,241.69,344.05,454.78,256.29,147.48,281.8,280.82,159.04,208.23,193.28,171.8,165.25,143.66,172.48,200.48,204.05,162.08,142.78,168.07,128.68,135.33,159.95,336.27,250.07,145.67,154.77,159.85,538.49,121.58,137.69
24,209.23,157.02,242.6,194.63,317.45,274.97,206.59,204.03,445.05,212.78,184.77,185.67,305.33,245.81,289.94,215.82,263.04,197.68,186.6,151.17,186.27,205.31,176.73,191.15,152.65,194.93,186.14,283.52,202.55,216.21,268.34,213.67,417.16,211.65,249.19,180.13,209.14,169.82,190.62,161.01,161.65,144.78,134.3,150.55,153.3,141.63,158.68,149.44,333.11,148.48,283.3,130.27,238.32,240.25,266.55,236.75,349.18,441.84,252.55,146.79,278.28,277.75,156.76,206.3,193.49,172.82,161.84,143.51,174.3,204.09,186.62,162.94,141.34,165.87,129.27,134.02,164.8,340.18,242.81,143.91,155.32,157.9,500.41,121.62,135.87
25,212.36,158.03,238.15,195.43,321.36,270.18,202.07,200.59,435.74,210.46,191.65,180.85,322.85,248.77,305.32,217.94,258.58,191.99,179.08,148.25,187.47,204.62,177.5,183.58,152.89,184.28,180.73,276.78,205.35,212.8,279.43,207.37,413.02,208.09,250.79,177.52,204.53,174.66,184.39,159.29,165.41,145.47,132.47,147.13,155.79,141.4,156.01,148.98,341.07,157.43,272.37,129.52,241.31,244.85,272.16,242.64,350.56,412.96,247.44,148.57,265.75,267.73,153.43,206.62,192.01,176.58,155.93,145.43,177.15,215.56,170.27,163.8,139.18,165.66,131.21,132.23,172.62,343.71,238.98,143.21,154.02,155.95,463,123.79,131.98
26,215.49,159.03,233.69,196.23,325.27,265.39,197.55,197.16,426.44,208.13,198.53,176.02,340.38,251.74,320.7,220.07,254.12,186.3,171.56,145.34,188.67,203.94,178.27,176.01,153.12,173.63,175.32,270.04,208.14,209.38,290.52,201.08,408.87,204.53,252.38,174.91,199.93,179.49,178.16,157.57,169.17,146.17,130.63,143.72,158.27,141.16,153.34,148.53,349.03,166.38,261.44,128.77,244.29,249.45,277.76,248.54,351.95,384.08,242.33,150.36,253.21,257.72,150.11,206.93,190.54,180.33,150.03,147.35,180,227.03,153.93,164.66,137.01,165.44,133.15,130.43,180.44,347.23,235.15,142.51,152.73,154.01,425.58,125.96,128.09
27,213.15,158.75,244.25,194.41,316.98,261.27,203.34,201.83,426.38,208.2,206.36,175.93,340.14,249.14,321.28,219.64,313.66,190.69,169.06,144.43,187.05,208.28,182.49,174.56,154.2,174.98,190.87,274.99,205.32,210.85,289.95,203.36,413.27,202.68,251.17,172.22,201.92,182.48,178.19,157.17,173.95,146.73,131.4,143.11,159.67,141.42,179.12,150.71,364.67,169.02,253.18,128.89,245.6,260.94,296.28,283.2,352.47,411.26,241.95,149.05,261.45,260.09,151.59,204.83,194.78,184.8,151.29,150.99,179.72,222.22,149.68,162.91,136.19,167.55,132.46,130.57,180.98,348.56,246.25,195.73,153.24,151.57,434.8,125.97,126.92
28,208.26,157.88,261.75,191.38,303.02,257.48,213.91,210.26,430.62,209.38,214.62,178.04,331.68,243.97,315,218.03,402.85,199.76,168.9,144.45,184.13,214.95,188.31,175.95,155.67,181.87,216.14,285.35,199.89,214.58,283.96,209.63,421.63,201.62,248.65,169.49,206.97,184.61,181.11,157.37,179.2,147.23,133.38,143.8,160.56,141.92,218.1,154.12,383.88,168.73,246.15,129.41,246.13,275.63,320.79,331.18,352.59,464.41,243.77,146.3,279.31,268.2,155.31,201.61,201.68,189.6,155.87,155.41,177.99,209.87,151.03,159.95,135.99,170.74,130.54,131.63,178.15,348.88,264.28,273.92,154.58,148.9,465.62,124.98,127
29,203.38,157.01,279.25,188.34,289.07,253.68,224.49,218.68,434.85,210.56,222.88,180.14,323.21,238.79,308.72,216.42,492.05,208.82,168.73,144.47,181.2,221.62,194.14,177.34,157.14,188.77,241.41,295.72,194.46,218.31,277.98,215.9,429.99,200.57,246.13,166.76,212.02,186.75,184.03,157.57,184.45,147.73,135.36,144.49,161.46,142.41,257.07,157.53,403.08,168.45,239.13,129.92,246.66,290.31,345.3,379.16,352.71,517.56,245.6,143.55,297.16,276.31,159.02,198.39,208.58,194.4,160.44,159.84,176.26,197.51,152.38,156.99,135.79,173.93,128.62,132.68,175.33,349.19,282.31,352.12,155.93,146.23,496.45,123.99,127.09
30,221.03,165.96,394.41,189.97,291.09,257.96,274.4,278.42,560.03,248.06,282.8,210.91,311.43,307.71,425.42,218.27,629.32,207.63,175.73,148.09,210.97,233.94,328.29,281.85,159.06,193.48,351.58,286.65,204.35,375.86,278.26,250.03,472.87,226.35,273.79,193.21,213.58,223.2,199.71,197.75,221.48,151.98,225.49,156.26,169.83,144.7,357.73,219.8,404.04,183.48,244.3,133.32,266.21,301.77,536.97,400.56,445.29,620.71,243.97,147.42,294.06,363.27,207.49,243.79,210.41,191.45,162.55,187.66,182.09,217.08,149.85,158.55,140.25,192.91,130.78,135.11,172.74,366.02,283.6,316.44,187.23,148.75,649.12,145.33,149.8
31,246.19,178.18,542.13,193.15,298.44,264.92,337.42,355.26,725.52,297.67,359.96,251.22,298.54,401.33,583.1,221.28,782.62,203.02,185.12,152.89,251.63,248.16,505.22,420.73,161.12,197.45,490.05,271.1,219.35,584.69,280.63,293.45,527.26,261.07,311.51,229.4,213.98,271.09,219.63,251.26,269.1,157.49,344.99,171.74,180.7,147.6,478.96,301.68,398.91,203.62,253.54,137.69,292.1,312.16,784.35,413.1,568.69,740.53,241.2,153.49,283.97,476.52,270.89,305.4,210.55,185.92,163.83,223.28,190.44,247.28,146.02,161.63,146.27,217.16,134.31,138,170.24,388.35,279.3,242.81,228.52,152.99,842.4,174.11,180.07
32,271.35,190.4,689.84,196.33,305.79,271.88,400.45,432.11,891.01,347.28,437.11,291.54,285.65,494.95,740.78,224.28,935.91,198.41,194.52,157.7,292.29,262.38,682.15,559.62,163.18,201.43,628.52,255.55,234.35,793.51,283.01,336.86,581.64,295.79,349.24,265.58,214.38,318.98,239.56,304.76,316.72,162.99,464.5,187.21,191.56,150.49,600.19,383.56,393.78,223.75,262.78,142.05,317.99,322.55,1031.7,425.64,692.09,860.35,238.42,159.57,273.88,589.77,334.28,367,210.69,180.39,165.1,258.91,198.79,277.49,142.18,164.7,152.3,241.41,137.84,140.9,167.74,410.68,275,169.18,269.81,157.23,1035.7,202.89,210.33
33,391.2,262.04,760.94,227.72,418.98,376.85,620.86,577.26,976.7,593.12,520.7,387.93,438.51,810.79,1284.6,340.09,912.74,204.2,285.86,185.87,498.35,405.61,722.96,663.48,206.76,373.33,608.93,281.08,317.63,1002.3,287.25,604.33,874.49,560.71,548.03,451.54,408.74,471.66,425.19,391.04,518.85,192.41,450.46,218.45,217.29,181.16,638.73,400.12,480.93,410.94,478.61,156.19,413.56,527.16,1046.4,594.98,753.17,856.33,243.25,199.02,472.45,904.03,393.25,640.81,315.11,225.74,219.5,270.64,278.17,394.31,223.56,167.4,193.71,361.9,145.32,178.17,176.36,547.2,360.79,177.92,385.68,164.4,1156.1,215.58,235.63
34,529.98,345.56,816.72,264.74,553.34,501.41,872.76,736.06,1046.4,878.21,605.58,495.54,624.52,1171.1,1905.6,478.46,854.29,212.07,393.58,218.71,737.49,574.66,736.53,760.35,258.64,578.81,557.73,314.82,414.57,1211,291.87,916.62,1215,871.67,779.03,667.47,641.89,645.29,643.96,483.87,751.88,226.6,409.71,252.85,246,217.37,660.73,403.61,586.53,631.54,735.77,172.29,523.07,770.62,1014.5,795.68,801.8,827.54,249.59,245.14,712.75,1258.5,451.33,957.05,440.39,281.26,284.52,277.59,371.76,528.46,321.99,170.03,242.2,501.63,153.59,222.32,187.21,706.57,464.59,203.13,516.46,172.16,1261.9,225.05,259.95
35,668.76,429.07,872.51,301.77,687.7,625.97,1124.7,894.87,1116.1,1163.3,690.46,603.15,810.53,1531.4,2526.6,616.83,795.83,219.94,501.31,251.54,976.63,743.7,750.11,857.21,310.52,784.29,506.53,348.56,511.5,1419.7,296.49,1228.9,1555.6,1182.6,1010,883.39,875.04,818.93,862.73,576.7,984.9,260.79,368.95,287.25,274.7,253.58,682.73,407.1,692.14,852.14,992.92,188.38,632.58,1014.1,982.57,996.38,850.43,798.76,255.93,291.26,953.06,1612.9,509.42,1273.3,565.67,336.78,349.54,284.54,465.34,662.61,420.41,172.65,290.69,641.37,161.86,266.48,198.05,865.94,568.39,228.34,647.25,179.92,1367.7,234.52,284.26
36,650.31,452.32,789.33,379.15,855.72,755.32,1030.8,821.88,934.67,1186.6,594.8,561.59,891.03,1374.9,2387.9,825.33,691.05,283.56,578.61,273.82,971.51,787.87,663.35,783.43,313.49,673.12,433.51,634.31,455.17,1368.9,477.73,1231.9,1505.7,1204.7,996.8,861.43,898.82,747.88,895.75,525.42,1066.1,287.81,293.38,292.5,342,237.34,590.18,380.91,837.5,838.25,1061.6,187.99,865.04,1062.8,850.29,1080.9,755.23,742,421.8,312.69,1081.7,1428.3,474.5,1184,584.09,333.13,334.15,264.36,446.47,610.32,391.25,183.12,292.75,669.29,162.41,275.31,222.04,874.79,547.33,237.13,636.55,225.34,1294.8,221.91,268.27
37,614.39,468.88,690.72,461.02,1027.5,885.21,898.54,723.13,725.28,1180.9,479.07,503.45,959.82,1161.1,2164.9,1041.6,581.12,353.38,652.52,294.91,939.25,818.16,565.44,690.69,311.03,526.75,358.07,948.07,381.81,1289.3,678.58,1200.5,1412.5,1194.7,956.43,813.03,899.35,649.66,908.12,458.13,1130.5,314.04,213.94,294.51,413.58,215.27,484.91,351.43,987.28,798.31,1109.3,185.77,1111.2,1089.9,706.85,1152.4,644.05,682.14,605.39,331.38,1197.9,1183.8,429.25,1049.6,590.65,322.91,309.83,241.17,415.11,537.31,347.93,194.45,289.64,684.78,162.12,280.23,247.49,866.91,512.4,244.1,610.12,274.93,1202.2,206.85,247.81
38,578.47,485.43,592.1,542.89,1199.2,1015.1,766.27,624.38,515.9,1175.1,363.35,445.31,1028.6,947.19,1941.9,1257.9,471.2,423.19,726.44,316.01,906.99,848.45,467.53,597.94,308.56,380.39,282.62,1261.8,308.45,1209.7,879.44,1169.2,1319.3,1184.7,916.05,764.64,899.87,551.43,920.5,390.84,1194.9,340.26,134.5,296.53,485.17,193.19,379.63,321.94,1137.1,758.37,1157,183.55,1357.3,1116.9,563.41,1224,532.87,622.27,788.98,350.07,1314.1,939.26,384,915.26,597.2,312.69,285.51,217.99,383.75,464.3,304.6,205.79,286.53,700.28,161.82,285.14,272.93,859.03,477.46,251.06,583.7,324.53,1109.5,191.78,227.35
39,488.94,431.84,513.87,494.64,1060,854.29,673.23,523.51,447,926.03,322.33,395.25,985.24,759.82,1733,995.33,409.34,459.15,627.66,293.75,824.55,717.34,397.18,514.92,271.97,380.64,251.85,1128.8,292.85,993.53,883.18,1024.2,1163.2,1042,770.78,618.12,775.98,468.97,769.48,343.89,1028.2,303.79,257.48,251.06,448.03,186.69,344.02,269.98,1100.8,795.12,997.24,178.59,1157.3,969.35,515.97,1083.6,545.65,535.62,803.28,331.18,1171.8,775.64,325.62,756.2,547.61,297.87,276.14,200.19,348.89,428.39,267.94,197.43,247.38,591.79,154.83,250.16,261.81,805.55,457.64,226.04,491.68,294.22,959.09,175.67,207.02
40,398.51,377.06,435.99,444.2,915.55,688.55,580.85,422.59,380.49,672.84,282.59,345.33,939.98,572.9,1524.4,724.63,348.3,494.54,525.95,270.75,741.25,583.49,327.29,432.07,234.8,383.37,221.83,988.22,278.21,775.09,883.58,877.26,1006.1,897.16,623.73,469.94,649.98,386.78,615.69,297.29,857.66,266.25,383.89,204.8,409.05,180.44,309.59,217.63,1061.3,833.17,833.99,173.58,949.74,818.81,470.16,939.58,560.53,448.51,814.71,311.66,1025,613.39,267.02,596.73,497.07,282.98,267.02,182.49,313.98,393.11,231.39,188.74,207.62,481.2,147.72,214.51,250.06,751.3,438.08,200.48,398.56,262.55,807.67,159.53,186.7
41,311.21,322.9,360.46,393.95,772.33,527.77,489.68,325.32,316.5,431.02,244.72,296.25,897.68,393.36,1313.9,464.85,289.43,524.52,426.79,248.11,656.91,454.03,259.94,351,198.91,383.57,193.14,850.2,264.1,563.67,878.95,731.8,851.99,753.8,481.1,327.47,526.35,306.93,466.39,251.63,689.76,229.48,499.08,160.66,369.48,174.14,275.43,167.42,1017,863.07,672.83,168.19,746.39,671.24,425.23,798.19,571.35,365.21,821.53,291.09,879.4,457.32,210.55,442.93,446.2,268.38,257.12,165.42,279.27,358.85,195.92,180.28,169.43,373.38,140.73,180.25,238.34,695.29,416.18,175.71,308.12,231.32,665.98,143.94,166.76
42,283.51,280.64,329.61,347.61,653.03,461.14,421.66,297.23,300.38,405.11,242.62,263.22,911.68,354.08,1067.2,412.76,271.84,451.83,376.04,232.51,552.62,407.93,240.76,303.93,187.36,335.66,189.7,760.85,259.77,485.82,778.55,613.9,755.27,639.06,422.48,293.48,447.76,271.54,402.55,223.9,572.42,207.26,401.18,157.13,318.53,166.72,246.28,157.99,878.94,738.02,551.73,155.36,623.08,580.2,397.12,706.17,504.91,354.36,740.76,250.66,756.31,418.79,194.61,397.13,388.99,259.41,232.31,160.36,248.52,343.91,180.96,176.28,161.19,318.16,135.96,172.55,226.92,605.95,349.87,166.18,268.8,208.49,708.91,138.71,153.88
43,255.81,238.38,298.76,301.26,533.73,394.5,353.63,269.15,284.26,379.19,240.52,230.19,925.68,314.79,820.56,360.68,254.24,379.15,325.28,216.9,448.33,361.84,221.58,256.86,175.81,287.75,186.25,671.51,255.44,407.97,678.15,496.01,658.55,524.32,363.86,259.49,369.16,236.16,338.71,196.16,455.09,185.03,303.29,153.6,267.58,159.31,217.12,148.55,740.91,612.96,430.63,142.54,499.78,489.15,369,614.16,438.48,343.5,659.99,210.23,633.21,380.25,178.67,351.33,331.78,250.44,207.49,155.31,217.76,328.96,166,172.28,152.95,262.95,131.19,164.85,215.5,516.61,283.56,156.65,229.49,185.66,751.84,133.48,141.01
44,230.69,199.9,270.81,259.08,424.48,333.48,291.34,243.42,268.09,353.44,236.74,200.23,910.99,278.64,596.34,326.29,239.42,311.29,276.35,201.7,350.67,319.39,203.79,214.33,165.02,243.43,183.21,581.99,248.98,335.42,581.01,387.33,568.51,415.9,308.31,228.06,297.77,204.6,279.4,171.65,347.04,164.59,217.31,150.24,220.51,152.46,190.89,139.85,612.44,493.56,322.97,131.2,386.07,405.35,341.86,531.74,373.45,332.1,578.52,173.76,517,345.51,164,308.65,286.8,241.2,184.52,150.7,189.47,316.3,153.04,168.41,145.61,213.59,126.93,157.28,204.11,434.93,223.8,148.28,193.18,165.23,777.92,128.92,129.7
45,225.07,189.96,264.9,248.43,391.3,314.96,272.57,235.61,251.55,328.89,220.22,193.46,679.09,266.2,541.96,425.92,245.57,279.98,241.24,189.58,303.14,304.5,196.56,206.23,159.92,226.27,183.16,491.15,226.38,303,508.57,348.39,528.96,355.34,276.07,216.03,280.89,201.95,254.41,171.54,309.26,157.75,221.51,148.1,202.79,149.86,186.79,136.73,556.31,416.89,317.02,131.08,345.02,376.34,322.1,521.95,319.1,316.61,491.7,167.3,452.93,339.47,158.94,289.55,334.36,229.91,175.44,149.53,179.86,320.92,155.11,165.55,145.09,208.51,126.6,150.67,192.96,411.27,213.55,148.7,179.68,163.04,676.31,129.46,130.24
46,219.46,180.03,258.98,237.79,358.12,296.44,253.79,227.8,235,304.33,203.7,186.69,447.2,253.76,487.58,525.55,251.73,248.68,206.12,177.45,255.61,289.6,189.33,198.12,154.83,209.11,183.11,400.31,203.79,270.57,436.13,309.45,489.42,294.77,243.82,203.99,264.02,199.31,229.41,171.43,271.49,150.9,225.72,145.96,185.08,147.25,182.69,133.61,500.18,340.23,311.07,130.96,303.96,347.34,302.33,512.16,264.74,301.13,404.89,160.85,388.85,333.43,153.88,270.44,381.92,218.62,166.36,148.36,170.25,325.55,157.18,162.69,144.58,203.43,126.26,144.07,181.8,387.62,203.31,149.12,166.18,160.85,574.71,130.01,130.78
47,214.29,171.49,254.07,227.53,328.87,282.58,237.54,221.13,220.93,281.05,189,180.71,275.42,244.89,442.62,576.35,254.15,222.14,177.31,167.91,215.54,273.84,183.58,190.38,151,199.01,182.41,323.99,188.19,241.12,371.4,276.29,454.75,242.58,214.61,194.37,249.09,195.97,208.54,170.78,241.97,145.07,229.67,143.92,169.74,144.96,178.75,131.87,452.26,277.1,300.96,130.68,271.73,325.52,286.94,503.89,220.59,288.32,330.15,154.62,334.54,326.39,149.79,256.79,406.51,208.04,159.79,147.58,162.47,326.26,158.09,160.5,143.45,197.37,126.06,138.74,172.86,366.01,194.45,149.32,157.59,158.6,493.43,130.02,130.81
48,210.89,168.53,253.2,218.8,315.32,287.34,231.35,219.05,216.74,262.89,181.56,177.86,344.14,250.28,435.37,431.83,241.64,214.62,173.68,168.71,205.31,254.63,183.74,184.13,152.23,217.12,179.14,305.79,200.63,223.57,337.51,266.2,439.56,223.83,197.56,194.43,241.91,189.87,204.17,167.97,245.44,143.34,232.55,142.27,163.92,143.93,175.48,135.64,437.19,268.13,274.23,129.77,274.81,332.41,289.06,501.72,217.23,286.22,303.74,149.33,319.26,315.33,149.6,264.96,339.24,200.3,163.24,148.35,161.96,311.32,154.31,160.99,139.85,187.4,126.41,138.55,172.76,352.57,191.11,148.64,168.65,156.06,493.45,127.9,128.81
49,207.5,165.57,252.32,210.07,301.77,292.09,225.16,216.96,212.56,244.73,174.12,175.02,412.86,255.68,428.12,287.31,229.14,207.1,170.05,169.52,195.07,235.42,183.9,177.87,153.45,235.24,175.86,287.58,213.06,206.01,303.61,256.12,424.38,205.09,180.51,194.48,234.73,183.77,199.8,165.15,248.92,141.6,235.44,140.62,158.09,142.9,172.2,139.42,422.11,259.15,247.5,128.86,277.88,339.31,291.18,499.56,213.88,284.11,277.32,144.03,303.98,304.27,149.4,273.13,271.96,192.55,166.68,149.12,161.45,296.39,150.53,161.47,136.25,177.42,126.75,138.37,172.67,339.12,187.77,147.97,179.72,153.53,493.47,125.78,126.8
50,204.71,163.27,250.54,204.75,291.36,294.08,222.11,215.7,208.06,231.05,168.73,173.36,466.19,258.09,421.5,184.84,225.61,201.32,167.71,169.62,187.19,221.84,184.01,173.85,154.93,242.34,174.77,273.11,219.32,193.46,277.52,250.35,414.13,192.26,168.47,195.29,229.71,178.98,196.91,163.84,245.75,140.61,236.54,139.55,153.4,141.93,168.44,141.72,408.94,250.55,229.44,128.79,296.24,335.59,290.64,483.98,206.67,279.17,255.65,140.59,291.33,295.98,149.43,277.81,238.47,185.17,169.73,149.1,160.84,285.33,148.17,161.6,134.33,169.64,127.04,138.78,173.65,328.06,183.88,147.78,185.82,151.78,483.8,125.03,125.63
51,203.57,162.8,246.25,208.83,289.58,288.44,227.69,216.68,202.69,229.7,168.98,174.93,477.25,252.31,416.61,198.02,246.76,200.32,168.89,167.83,185.83,223.76,183.97,175.98,157.1,219.17,179.68,268.9,208.6,194.68,272.92,256.45,417.45,195.7,170.18,198.14,230.66,177.8,198.11,166.66,224.28,141.68,232.76,140.05,151.83,141.12,163.34,139.99,401.01,243,235.21,131.04,356.62,302.66,282.79,431.51,188.86,266.41,247.02,142.24,285.91,295.3,150.09,272.87,297.9,178.78,171.69,146.88,159.93,284.94,149.73,160.74,137.02,167.88,127.16,140.84,177.6,323.53,178.47,148.92,178.3,152.17,447.48,128.01,126.75
52,202.44,162.33,241.95,212.91,287.8,282.81,233.26,217.66,197.32,228.35,169.23,176.5,488.3,246.54,411.72,211.2,267.91,199.32,170.07,166.04,184.46,225.68,183.93,178.11,159.27,196,184.59,264.68,197.88,195.9,268.32,262.55,420.77,199.14,171.89,201,231.61,176.62,199.31,169.48,202.81,142.74,228.97,140.55,150.25,140.3,158.23,138.27,393.08,235.44,240.99,133.29,417,269.73,274.93,379.05,171.05,253.66,238.39,143.89,280.48,294.63,150.74,267.93,357.32,172.39,173.64,144.67,159.02,284.56,151.29,159.89,139.72,166.12,127.27,142.9,181.54,319,173.06,150.06,170.77,152.57,411.16,131,127.87
53,200.4,161.02,238.82,212.32,281.63,279.37,234.87,219.01,193.9,224.55,169.11,178.02,487.84,243.29,402.1,213.5,276.9,197.49,171.36,163.81,186.68,224.92,186.3,180.27,160.07,178.57,186.82,260.3,189.73,197.41,267.02,263.9,418.76,199.19,173.81,202.11,230.42,188.41,198.87,170.71,197.64,142.99,221.5,141.95,149.46,141.59,155.29,138.36,388.62,228.78,243.12,134.27,461.44,246.52,268.98,355.97,169.43,248.8,234.65,145.25,279.18,292.66,152.01,260.23,398.3,168.63,172.9,144.3,159.12,280.35,151.87,158.33,141.41,165.5,127.9,143.82,181.46,310.32,169.83,150.34,166.31,153.38,389.29,133.43,128.76
54,196.67,158.14,237.85,203.07,267.3,280.01,229.12,221.06,194.11,216.19,168.33,179.43,466,244.73,383.68,195.58,263.3,194.09,172.83,160.78,195.56,219.16,193.13,182.51,158.32,171.83,184.05,255.61,186.33,199.45,271.85,256.43,406.86,192.96,176.14,200,225.25,224.3,195.38,168.96,222.75,141.74,207.17,145.04,150.1,146.78,156.37,141.84,390.61,223.77,238.49,132.88,476.28,241.36,266.56,387.45,197.87,258.6,240,146.05,285.53,288.27,154.42,247.42,405.05,169.76,167.18,147.34,161.06,269.06,150.62,155.48,141.22,167.02,129.49,142.59,173.87,293.94,170.65,148.98,167.53,154.98,394.24,134.82,129.24
55,192.95,155.26,236.88,193.81,252.97,280.64,223.36,223.11,194.31,207.84,167.54,180.83,444.16,246.18,365.26,177.67,249.7,190.69,174.3,157.74,204.44,213.4,199.96,184.74,156.56,165.09,181.29,250.91,182.93,201.49,276.69,248.95,394.96,186.73,178.47,197.88,220.08,260.18,191.9,167.21,247.86,140.48,192.84,148.12,150.74,151.97,157.46,145.32,392.6,218.77,233.86,131.49,491.12,236.21,264.13,418.93,226.31,268.41,245.35,146.86,291.88,283.89,156.83,234.61,411.8,170.89,161.46,150.38,163.01,257.76,149.37,152.63,141.04,168.53,131.08,141.36,166.29,277.56,171.48,147.63,168.76,156.57,399.2,136.22,129.71
56,196.89,155.25,238.73,189.3,252.72,280.05,241.16,225.86,201.46,208.21,169.33,191.32,446,246.37,357.4,167.54,314.83,189.16,174.52,156.18,230.22,212.54,239.6,206.2,154.24,163.46,227.67,247.16,184.81,245.78,278.03,252.75,395.76,194.86,191.57,198.67,217,300.61,198.04,173.06,251.53,140.47,190.49,159.28,152.61,154.91,207.92,165.79,389.33,222.03,235.22,130.53,485.45,232.25,272.19,430.42,234.87,269.75,244.1,148.44,291.97,280.25,168.07,255.1,395.66,174.41,158.79,161.9,163.68,279.48,159.27,151.63,143.79,173.77,132.63,141.6,161.92,269.19,170.91,147.95,166.74,156.71,422.82,146.78,131.9
57,211.58,159.26,244.53,191.43,272.2,277.74,291.93,229.58,218.34,220.78,174.71,214.53,480.98,244.81,364.3,168.33,490.16,190.22,172.99,156.7,279.65,218.53,325.17,254.56,151.13,169,342.86,244.72,194.06,349.22,274.48,272.33,414.36,223.09,219.76,203.51,216.85,347.38,217.64,189.54,225.17,142.19,204.93,181.76,156.2,154.71,327.51,210.04,378.72,236.87,244.94,130.16,451.07,229.99,294.91,413.92,215.62,259.22,233.62,151.1,283.3,277.63,191.66,322.23,347.47,181.28,160.38,185.3,162.58,347.42,184.79,153.2,150.64,184.21,134.11,143.87,162.04,272.04,168.41,150.6,160.17,154.81,472.6,170.19,136.51
58,226.28,163.26,250.32,193.55,291.68,275.44,342.71,233.3,235.22,233.35,180.1,237.74,515.97,243.25,371.21,169.11,665.49,191.29,171.46,157.22,329.08,224.53,410.74,302.92,148.02,174.54,458.06,242.28,203.31,452.66,270.93,291.91,432.96,251.32,247.96,208.36,216.71,394.16,237.24,206.03,198.81,143.92,219.36,204.23,159.78,154.51,447.09,254.3,368.11,251.71,254.67,129.8,416.68,227.73,317.62,397.42,196.36,248.69,223.14,153.77,274.62,275.02,215.25,389.35,299.27,188.14,161.97,208.71,161.47,415.36,210.31,154.78,157.5,194.66,135.59,146.15,162.17,274.88,165.91,153.24,153.59,152.92,522.37,193.6,141.12
59,303.75,206.89,322.94,195.91,309.42,286.55,482.81,265.51,283.05,365.88,198.62,299.24,527.36,275.62,465.61,169.9,886.79,196.03,201.69,171.14,420.42,279.45,494.43,455.94,155.12,191.36,534.6,246.1,219.84,654,267.75,409.04,552.23,324.39,345.25,231.6,253.86,430.77,345.47,306.94,201.9,162.08,293.55,239.62,210.19,155.98,534.46,327.16,381.58,297.95,301.41,132.07,380.12,278.49,454.68,418.44,222.96,313.24,224.65,181.23,287.54,291.34,271.88,498.46,323.45,194.48,163.24,232.9,163.55,556.98,243.63,154.95,181.75,266.12,143.11,166.82,166.05,279.92,167.72,170.65,244.79,153.73,665.67,215.45,166.26
60,444,290.16,462.39,198.51,325.4,311.07,712.26,326.21,361.83,618.37,230.28,399.04,515.15,341.9,647.52,170.69,1154.1,204.45,263.67,198.46,553.65,383.29,576.25,713.61,172.43,219.48,572.48,256.18,243.62,953.24,264.94,623.71,772.19,442.28,511.64,273.24,328.32,457.22,542.33,492.29,234.43,196.67,427.48,287.9,307.44,159.12,589.62,428.62,419.14,375.59,385.18,136.98,341.39,382.28,706.07,476.96,295.41,452.86,238.17,233.48,322.06,326.6,361.54,649.56,419.98,200.31,164.2,257.87,168.81,772.28,284.75,153.71,223.4,398.59,156.65,205.88,173.69,287.15,173.84,202.81,433.75,157.24,902.52,235.75,211.93
61,584.26,373.42,601.83,201.11,341.39,335.59,941.7,386.92,440.61,870.86,261.93,498.85,502.95,408.19,829.42,171.49,1421.3,212.88,325.65,225.77,686.89,487.14,658.06,971.27,189.75,247.59,610.37,266.26,267.41,1252.5,262.13,838.38,992.15,560.17,678.04,314.87,402.77,483.66,739.19,677.64,266.95,231.27,561.41,336.19,404.68,162.26,644.77,530.08,456.7,453.22,468.94,141.89,302.65,486.06,957.46,535.48,367.85,592.49,251.68,285.74,356.57,361.87,451.2,800.65,516.52,206.13,165.16,282.84,174.07,987.58,325.88,152.48,265.04,531.06,170.2,244.95,181.33,294.37,179.96,234.97,622.71,160.76,1139.4,256.05,257.6
62,676.06,451,761.58,205.16,413.62,451.39,989.48,530.35,537.97,1002.9,353.47,519.28,556.01,565.01,1122.2,186.04,1479.3,268.86,444.5,298.49,768.52,632.86,665.3,1025.4,222.85,346.26,590.34,280.8,285.42,1324.9,267.43,1022.3,1132,700.18,747.52,459.58,538.38,461.51,835.06,725.72,341.36,260.23,609.34,340.75,460.23,257.79,628.11,555.72,625.71,651.47,649.63,157.03,336.87,681.1,988.86,683.56,383.19,708.76,285.39,315.92,522.63,531.37,475.11,923.32,680.65,214.51,174.53,285.77,196.71,1023,348.71,162.83,279.58,625.08,174.09,269.82,194.88,372.19,191.38,256.97,735.89,166.05,1279,263.58,277.29
63,730.8,524.24,936.86,210.32,528.85,637,898.35,737.06,649.53,1042.9,490.8,479.02,658.99,791.07,1499.8,211.11,1377.1,361.22,606.82,405.91,810.68,810.59,615.52,923.98,268.04,498.9,526.04,298.75,299.02,1224,278.92,1182.7,1210.7,857.11,742.88,683.1,720.74,402.19,853.69,668.82,447.8,284.87,591.49,311.87,483.89,423.97,556.52,523.39,895.23,941.95,904.43,179.99,426.89,945.93,852.03,900.12,354.84,807.16,334.55,329.23,789.28,803.54,448.74,1024.2,896.47,224.84,190.33,271.84,232.63,920.85,357.57,182.04,273.39,689.69,170.61,283.83,212.95,503.97,206.85,271.19,791.14,172.72,1344.2,261.35,277.12
64,785.55,597.48,1112.1,215.48,644.09,822.6,807.22,943.77,761.1,1082.9,628.13,438.76,761.96,1017.1,1877.5,236.18,1275,453.57,769.15,513.33,852.84,988.33,565.73,822.52,313.23,651.53,461.73,316.7,312.62,1123,290.42,1343.2,1289.3,1014,738.24,906.62,903.11,342.87,872.33,611.93,554.24,309.52,573.65,282.99,507.55,590.15,484.94,491.07,1164.8,1232.4,1159.2,202.95,516.91,1210.8,715.19,1116.7,326.5,905.56,383.71,342.54,1055.9,1075.7,422.37,1125.2,1112.3,235.17,206.12,257.91,268.56,818.71,366.43,201.24,267.2,754.3,167.12,297.84,231.01,635.76,222.32,285.42,846.38,179.38,1409.4,259.11,276.95
65,730.21,552.49,1024.8,264.99,897.86,906.29,715.29,944.3,723.01,1055.7,643.74,390.11,916.06,1049.7,1949.7,287.16,1068.7,501.24,793.11,549.19,825.44,936.2,487.72,701.63,301.07,615.63,394.79,463.47,304.45,949.96,419.01,1262.4,1067,1015.3,650.09,1011.7,906.91,282.7,781.03,556.85,586.56,300.43,664.19,261.51,472.72,588.76,408.6,428.85,1200.8,1298.5,1188.7,202.57,685.43,1300.6,593.24,1267.9,325.68,841.15,522.43,320.19,1144.2,1172.3,382.54,1099.7,1116.5,254.1,237.4,235.69,291.96,707.34,335.12,199.32,250.6,724.78,159.1,278.81,241.68,648.88,246,277.22,833,202.27,1319.6,241.52,257.8
66,615.59,443.84,796.07,338.39,1226.2,935.1,622.95,833.82,604.33,992.3,593.83,336.93,1097.7,978.08,1857.6,352.08,806.36,524.84,742.55,546.51,760.59,760.29,394.51,570.29,258.03,478.2,326.43,679.61,284.56,738.12,610.66,1051.8,682.68,932.85,516.97,1053,814.55,222.06,630.54,502.75,578.96,273.19,813.09,244.02,406.41,497.14,329.71,350.55,1111,1243.7,1096.9,189.63,896.23,1296.3,479.29,1383.9,339.68,689.08,709.38,278.65,1136.5,1174.3,335.47,1006.3,1006.9,277.67,277.02,209.02,308.62,591,282.17,186.03,228.39,644.59,148.63,242,248.36,598.09,274.11,256.94,782.66,233.89,1146.4,215.67,228.43
67,500.97,335.19,567.33,411.79,1554.6,963.91,530.6,723.34,485.65,928.9,543.91,283.76,1279.3,906.46,1765.4,417,544.02,548.44,692,543.83,695.74,584.39,301.3,438.95,215,340.77,258.06,895.75,264.67,526.28,802.3,841.15,298.35,850.36,383.85,1094.3,722.2,161.42,480.05,448.65,571.37,245.94,961.98,226.52,340.09,405.52,250.82,272.24,1021.3,1188.9,1005.1,176.68,1107,1292,365.35,1499.8,353.67,537,896.33,237.1,1128.7,1176.3,288.39,912.77,897.17,301.24,316.64,182.35,325.28,474.66,229.22,172.73,206.19,564.39,138.16,205.18,255.05,547.3,302.22,236.67,732.33,265.52,973.09,189.81,199.06
68,420.74,286.58,453.42,444.42,1484.2,911.37,463.33,617.79,404.88,797.67,471.25,250.41,1268.1,778.5,1563,402.47,417.13,513.84,603.72,496.04,593.92,476.3,259.34,357.77,195.18,293.61,227.06,951.46,261.65,419.66,874.23,687.19,187.13,722.63,317.12,928.4,607.29,155.94,396.14,387.06,549.57,219.59,827.36,205.2,297.25,336.07,219.87,225.94,974.23,1076.5,874.72,168.03,1046.7,1167.6,311.29,1418.3,311.6,457.14,882.43,207.36,970.74,1040.5,253.45,801.31,742.86,296.26,318.12,172.56,301.67,398.86,201.32,169.53,188.06,476.39,134.27,184.22,249.87,505.84,301.1,216.22,594.04,277.9,839.16,171.06,178.91
69,354.1,261.7,384.89,460.93,1256.3,826.66,405.97,514.2,339.1,639.64,389.59,224.89,1180.6,628.27,1316.9,356.54,343.77,456.22,500.54,430.41,477.47,395.03,237.65,296.41,184.54,282.13,210.82,943.75,265.29,354.63,898.83,555.63,183.88,577.02,276.62,680.6,483.46,172.27,338.56,322.51,522.16,193.61,580.64,182.36,263.69,275.38,207.87,192.29,944.02,941.33,729.17,161.08,879.1,995.7,280.91,1258.6,247.36,405.81,789.13,182.27,753.41,850.27,223.3,682.74,570.91,279.99,304.52,169.44,262.14,339.08,183.32,170.33,171.54,385.3,132.98,169.53,240.01,468.08,288.42,195.69,420.98,282.68,720.79,155.13,162.42
70,287.46,236.82,316.37,477.43,1028.3,741.95,348.62,410.61,273.32,481.61,307.92,199.37,1093.2,478.03,1070.9,310.61,270.42,398.61,397.35,364.78,361.03,313.76,215.96,235.05,173.9,270.65,194.59,936.03,268.93,289.61,923.43,424.08,180.63,431.41,236.13,432.79,359.64,188.6,280.97,257.97,494.75,167.62,333.92,159.52,230.13,214.7,195.88,158.64,913.81,806.15,583.61,154.13,711.53,823.84,250.53,1098.9,183.12,354.49,695.83,157.19,536.08,660,193.16,564.18,398.96,263.72,290.92,166.32,222.61,279.3,165.32,171.13,155.03,294.21,131.68,154.84,230.14,430.31,275.74,175.16,247.92,287.46,602.42,139.19,145.92
71,264.11,215.43,300.96,425.86,850.57,639.54,310.08,351.55,246.98,392.14,265.02,190.72,946.56,408.48,907.65,272.01,263.42,345.93,333.14,318.34,308.09,278.41,204.5,222.9,168.38,242.34,192.53,817.53,273.46,258.66,842.65,365.05,273.09,366.91,217.17,352.58,313.98,184.59,256.5,233.4,429.75,158.34,263.86,153.22,209.36,197.95,188.22,148.92,811.65,672.42,491.89,147.79,603.33,711.16,239.69,975.06,177.64,328.83,593.09,153.51,457.75,555.48,180.63,493.84,369.22,251.69,266.79,162.19,202.97,247.19,159.34,166.29,149.36,255.7,131.67,150.14,217.55,402.74,252.91,166.54,207.31,254.73,566.02,153.88,140.64
72,251.59,194.92,298.82,357.27,685.39,532.71,276.24,303.61,230.51,319.8,231.8,186.29,785.18,359.1,765.05,235.26,273,294.47,278.67,276.69,271.02,254.54,195.59,223.05,164.14,209.82,194.02,671.33,278.22,236.23,735.53,324.16,389.48,322.69,203.59,314.26,287.86,175.49,240.31,218.82,355.35,153.24,237.98,151.06,191.8,192.2,181.65,145.17,691.5,539.05,413.64,141.62,509.98,613.29,233.74,860.13,186.85,309.58,487.98,155.18,414.17,472.4,172.51,435.56,375.04,240.72,240.02,157.8,188.3,222.01,156.37,160.04,146.4,230.33,131.98,147.93,204.28,377.72,227.54,160.9,199.81,212.61,550.11,176.22,138.15
73,239.06,174.41,296.69,288.68,520.22,425.88,242.4,255.68,214.04,247.47,198.58,181.87,623.79,309.72,622.46,198.5,282.59,243.02,224.21,235.03,233.96,230.66,186.69,223.2,159.9,177.3,195.51,525.13,282.98,213.8,628.41,283.27,505.87,278.46,190.01,275.94,261.75,166.4,224.12,204.25,280.95,148.13,212.1,148.89,174.24,186.44,175.08,141.43,571.35,405.68,335.38,135.44,416.62,515.41,227.78,745.21,196.05,290.34,382.88,156.85,370.59,389.31,164.4,377.27,380.85,229.74,213.26,153.41,173.62,196.83,153.4,153.79,143.43,204.95,132.29,145.72,191.02,352.7,202.17,155.26,192.31,170.5,534.2,198.57,135.67
74,232,169.6,281.89,262.76,457.91,386.7,239.07,241.29,209.52,233.63,189.96,180.85,589.66,296.06,549.68,186.14,287.9,230.37,207.59,222.09,213.89,224.75,186.63,213.12,161.15,175.26,191.62,456.27,271.35,208.05,519.83,270.44,474.48,252.65,187.39,259.73,256.27,169.02,214.54,191.81,256.24,145.05,200.06,148.71,166.2,182.06,165.68,141.68,524.85,360.02,317.51,134.18,372.03,481.6,222.26,670.27,193.36,297.63,334.06,151.42,341.06,360.07,161.07,352.75,389.41,226.23,196.89,155.47,168.9,210.82,151.97,154,143.2,191.41,133.73,144.59,186.4,334.87,189.37,152.86,189.25,167.78,504.9,195.88,133.49
75,225.78,167.21,265.14,243.41,411.42,357.93,240.43,232.07,206.84,228.79,185.12,180.36,575.11,287.9,487.64,177.54,292.56,223.68,196.79,213.55,196.43,221.6,187.92,201.47,163.25,177.9,186.9,399.3,257.19,204.85,411.02,261.93,420.35,229.67,186.46,246.92,253.96,173.45,205.96,179.7,239.18,142.28,190.14,148.82,159.63,177.89,155.83,142.55,489.67,327.85,308.93,133.68,334.93,457.66,216.8,601.48,188.84,309.01,293.92,144.91,313.69,339.12,158.49,333.42,398.4,223.86,182.13,158.52,165.71,230.83,150.78,155.19,143.38,179.68,135.35,143.62,183.11,318.15,178.5,150.96,186.89,171.12,473.54,189.33,131.37
76,219.57,164.81,248.39,224.06,364.93,329.15,241.79,222.84,204.16,223.95,180.28,179.87,560.55,279.73,425.6,168.93,297.21,217,186,205.02,178.97,218.45,189.21,189.82,165.35,180.54,182.19,342.34,243.04,201.66,302.21,253.41,366.23,206.69,185.52,234.1,251.66,177.88,197.39,167.6,222.12,139.51,180.23,148.94,153.06,173.72,145.99,143.42,454.5,295.69,300.36,133.18,297.84,433.71,211.34,532.69,184.32,320.39,253.77,138.4,286.32,318.16,155.9,314.1,407.38,221.49,167.36,161.57,162.52,250.85,149.59,156.39,143.57,167.96,136.96,142.66,179.82,301.43,167.63,149.06,184.52,174.47,442.17,182.79,129.24
77,215.2,162.88,241.22,212.82,320.98,307.92,227.05,221.89,206,206.34,181.35,174.97,441.09,275.97,411.01,176.08,265.46,216.09,180.97,203.32,180.64,214.31,184.87,200.84,155.92,188.71,179.35,316.91,227.85,206.27,296.07,240.85,392.51,206.19,174.26,234.36,240.41,168.38,193.96,168.47,191.68,138.63,212.88,146.59,149.42,166.67,148.74,143.71,441.03,276.18,286.35,135.2,279.4,429.76,216.82,474.19,243.1,307.18,249.28,140.66,282.42,313.34,151.91,302.21,409.67,211.14,168.94,159.22,158.6,252.87,146.1,155.66,140.65,161.44,133.57,138.52,174.71,304.5,164.35,147.03,173.01,169.54,451.6,167.52,129.4
78,210.93,160.96,234.55,202.01,277.16,287.09,211.47,221.38,208.09,188.06,182.72,169.84,316.11,272.44,398.92,184.06,231.79,215.48,176.24,201.97,183.32,210.12,180.23,213.05,145.9,197.18,176.6,293.13,212.59,211.3,295.34,228.08,423.03,206.87,162.46,235.3,228.68,158.14,190.79,170.03,160.52,137.84,247.76,144.11,145.94,159.48,152.16,143.96,428.71,257.35,272.06,137.35,261.94,426.87,222.89,416.24,305.22,292.67,246.68,143.38,279.75,309.36,147.83,290.71,411.61,200.37,171.38,156.59,154.63,253.94,142.5,154.82,137.57,155.21,129.91,134.21,169.51,308.61,161.47,145,161.03,164.17,463.17,151.78,129.67
79,206.8,159.11,228.5,191.31,234.4,266.59,196.23,220.84,209.95,171.38,184.61,164.77,194.35,268.96,386.83,192.12,199.39,214.63,171.56,200.56,185.93,205.92,175.73,224.91,136.11,205.38,173.94,269.67,197.55,216.68,294.47,215.61,452.66,207.75,150.84,236.03,217.12,149.21,187.76,171.48,129.95,137.06,282.02,141.73,142.5,152.36,155.71,144.38,416.46,238.74,257.89,139.5,244.7,423.73,228.75,358.48,365.74,278.32,244.11,145.99,277.27,305.38,143.91,279.16,413.25,189.69,173.65,153.97,150.76,254.74,139.01,154.03,134.76,149.17,126.33,129.95,164.49,312.64,158.59,143.04,149.32,158.84,473.03,136.28,129.94
80,210.55,160.72,258.86,187.3,254.36,265.92,201.74,218.87,199.21,249.46,216.79,163.23,263,268.31,374.99,205.22,241.95,200.03,169.42,194.85,184.96,201.04,179.61,216.35,140.34,197.92,176.26,264.36,194.95,242.88,285.9,220.98,429.59,220.05,149.95,224.42,215.06,217.6,192.36,166.06,133.9,137.02,280.03,145.38,142.04,150.16,167.04,154.25,408.18,233.68,251.04,141.84,240.43,406.2,222.65,312.61,332.31,273.39,243.82,142.09,285.37,301.35,148.72,264.6,397.58,184.65,166.27,151.75,152.42,240,141.97,155.28,147.48,155.04,126.98,128.78,170.02,311.4,155.65,144.73,153.92,155.17,381.36,134.66,129.58
81,214.31,162.33,289.22,183.29,274.31,265.25,207.24,216.89,188.47,327.54,248.96,161.7,331.64,267.66,363.14,218.32,284.52,185.42,167.29,189.14,183.99,196.17,183.5,207.78,144.58,190.46,178.57,259.04,192.35,269.08,277.34,226.34,406.52,232.35,149.06,212.81,212.99,285.98,196.95,160.64,137.85,136.98,278.03,149.03,141.58,147.96,178.38,164.12,399.91,228.63,244.18,144.18,236.16,388.67,216.56,266.73,298.89,268.47,243.52,138.2,293.47,297.33,153.53,250.05,381.91,179.61,158.89,149.52,154.09,225.25,144.93,156.53,160.21,160.91,127.64,127.62,175.56,310.17,152.71,146.42,158.51,151.51,289.7,133.05,129.21
82,217.18,164.92,316.05,180.19,292.34,265.57,213.87,214.86,179.21,398.39,276.63,161.78,391.43,266.02,353.85,230.11,318.03,172.36,165.7,184.35,183.82,192.27,188.13,205.11,148.63,183.16,181,253.73,189.89,303.14,269.87,231.11,385.99,244.53,152.91,202.39,212.03,359.05,205.89,156.81,141.4,137.02,274.42,153.15,141.51,145.91,190.3,173.56,391.53,224.33,237.87,146.92,232.49,370.57,210.55,225.62,269.63,265.08,242.81,135.11,298.58,293.28,158.05,236,367.7,175.29,152.24,148.3,155.37,212.37,149.12,157.65,170.99,164.84,128.46,126.69,179.43,306.54,150,147.84,162.43,148.54,207.31,132.83,129.22
83,212.08,176.44,311.1,185.19,292.99,274.79,230.59,212.32,183.23,404.18,263.76,176.41,371.59,255.57,367.55,230.18,270.15,173.24,169.06,187.76,190.86,197.18,199.57,255.47,150.97,177.21,184.46,248.44,188.68,407.87,272.23,230.62,388.3,255.66,199.44,202.69,220.94,474.4,253.83,167.34,141.37,137.77,256.39,161.55,144.94,145.28,207.57,179.12,382.13,226.94,236.51,153.31,234.25,347.34,205.39,227.37,277.92,275.57,238.37,139.33,276.74,289.05,159.99,226.47,366.62,177.42,152.16,156.08,153.25,216.26,164.27,157.62,164.3,151.21,130.8,127.93,168.3,281.34,149.39,146.89,160.18,151.85,208.39,145.2,132.58
84,206.98,187.96,306.14,190.2,293.64,284,247.31,209.78,187.26,409.97,250.89,191.04,351.75,245.12,381.25,230.25,222.27,174.11,172.41,191.16,197.91,202.09,211.01,305.83,153.32,171.27,187.91,243.15,187.46,512.59,274.59,230.13,390.61,266.78,245.96,203,229.85,589.75,301.77,177.88,141.34,138.51,238.35,169.94,148.36,144.65,224.84,184.69,372.73,229.54,235.15,159.7,236,324.11,200.22,229.13,286.21,286.07,233.94,143.55,254.9,284.83,161.93,216.95,365.54,179.56,152.08,163.86,151.12,220.16,179.43,157.6,157.61,137.58,133.13,129.17,157.17,256.13,148.77,145.94,157.93,155.16,209.48,157.58,135.94
85,202.8,209.53,304.51,195.16,294.28,289.35,280.81,207.92,195.17,445.12,245.29,219.46,331.75,238.84,391.73,232.97,195.53,176.3,179.41,195.18,227.39,206.84,233.28,383.51,156.46,166.48,202.34,238.32,186.72,645.67,274.43,253.19,393.09,295.81,337.76,204.13,238.49,662.88,384.33,194.93,142.15,142.61,242.52,194.38,160.3,145.66,262.95,208.95,363.64,241.62,234.58,166.38,237.81,310.55,200.3,232.85,297.17,303.95,232.27,155.03,240.1,282.55,172.71,210.06,365.24,180.77,152.38,179.99,149.28,240.47,199.36,157.42,155.19,128.56,135.77,134.02,148.23,237.7,148.49,148.12,161.09,157.25,218.47,185.27,138.4
86,203.22,281.38,319.55,199.89,294.86,275.36,398.26,209.45,222.5,627.05,276.09,316.85,311.01,253.39,386.1,249,274.55,184.99,204.58,202.25,369.06,210.79,309.72,597.79,163.57,167.48,271.64,235.79,188.33,920.51,261.65,394.03,396.37,414.32,655.97,209.4,245.76,524.96,640.03,244.62,147.14,163.49,357.69,299,214.84,154.83,405.21,326.75,356.07,301.07,237.97,174.52,239.93,345.32,226.62,246.4,321.5,358.8,244.47,202.81,260.48,289.99,227.72,216.32,368.77,177.38,154.55,237.89,148.81,342.89,243.17,156.51,174.13,142.63,139.99,156.94,150.29,253.1,149.88,165.98,191.27,153.21,266.94,289.57,136.39
87,203.64,353.22,334.58,204.63,295.44,261.38,515.7,210.98,249.83,808.98,306.88,414.24,290.26,267.94,380.48,265.03,353.57,193.69,229.76,209.31,510.74,214.73,386.17,812.07,170.68,168.49,340.95,233.25,189.95,1195.3,248.87,534.88,399.66,532.83,974.18,214.67,253.02,387.04,895.73,294.3,152.13,184.37,472.87,403.62,269.38,164.01,547.48,444.54,348.5,360.52,241.37,182.65,242.05,380.09,252.94,259.96,345.83,413.66,256.67,250.6,280.85,297.44,282.72,222.58,372.3,173.99,156.72,295.79,148.34,445.3,286.99,155.61,193.07,156.69,144.2,179.85,152.35,268.5,151.27,183.84,221.44,149.18,315.41,393.86,134.38
88,208.05,414.15,358.71,206.96,331.43,257.37,644.54,214.48,326.1,963.62,377.29,499.45,279.88,326.72,369.39,317.48,450.59,205.4,291.95,233.31,657.46,237.93,473.94,965.59,186.41,175.76,423.71,231.53,190.47,1368.8,238.19,723.64,462.3,675.71,1246.3,220.3,303.55,280.82,1087.8,352.85,167.73,205.77,609.97,463.7,328.88,174.58,654.81,541.91,344.19,457.99,286.16,208,246.59,413.11,324.2,269.68,395.45,479.4,274.33,291.44,305.78,309.87,341.27,262.8,408.33,171.42,157.61,336.08,149.92,558.54,319.87,157.42,224.1,168.56,147.39,202.02,158.79,285.49,152.41,205.34,295,147.09,400.38,516.01,133.08
89,225.59,439.18,412.72,201.36,483.75,286.17,810.84,224.42,563.16,1028.6,577.88,544.67,303.58,530.78,340.33,489.59,606.78,227.01,475.74,312.95,820.76,324.4,598.92,919.47,230.47,203.61,550.65,232.47,187.38,1209.2,234.44,1069.8,719.97,898.66,1367,227.1,496.23,278.74,1070.6,440.53,218.21,228.89,819.15,377.44,404.68,189.78,647.36,572.17,350.6,680.37,466.96,289.89,259.08,440.39,543.12,266.82,528.19,580.94,309.96,309.48,345.67,338.7,411.44,414.65,551.14,171.54,154.26,318.52,158.24,707.38,316.8,168.16,294.83,173.23,147.21,221.75,179.63,307.68,152.75,238.79,511.08,151.4,605.29,696.79,134.16
90,243.12,464.22,466.72,195.76,636.07,314.96,977.14,234.36,800.22,1093.5,778.47,589.88,327.28,734.84,311.26,661.7,762.96,248.61,659.54,392.59,984.07,410.88,723.91,873.34,274.54,231.46,677.59,233.41,184.29,1049.6,230.69,1416,977.64,1121.6,1487.8,233.9,688.91,276.66,1053.5,528.21,268.68,252.02,1028.3,291.18,480.49,204.97,639.91,602.43,357.02,902.76,647.76,371.78,271.58,467.67,762.05,263.97,660.94,682.48,345.58,327.52,385.55,367.53,481.62,566.49,693.94,171.66,150.91,300.95,166.55,856.22,313.73,178.89,365.57,177.89,147.02,241.48,200.46,329.88,153.09,272.25,727.16,155.71,810.19,877.58,135.23
91,320.41,456.74,564.74,202.4,797.31,414.26,1076.9,281.31,948.26,1107,907.61,594.74,416.35,942.45,299.89,791.12,845.96,282.26,776.53,467.41,1081.5,510.93,781.48,810.73,297.42,256.35,737.46,257.3,184.88,923.55,232.57,1620.2,1180.9,1247.9,1504.3,276.27,799.22,356.8,989.11,574.75,323.81,264.81,1132.7,225.69,520.36,214.76,614.86,594.32,444.04,1071.4,804.36,445.76,336.52,576.33,916.76,306.06,754.7,736.18,455.66,327.69,480.38,444.9,517.57,716.87,851.37,174.04,153.35,279.09,197.11,929.74,306.16,184.15,393.03,178.52,146.69,254.22,217.11,401.01,158.37,289.67,844.47,159.06,902.99,954.24,136.65
92,526.64,379.1,757.77,235.44,977.8,665.67,1033.1,408.11,904.18,1009.3,882.56,512.52,646.49,1157.7,326.67,828.42,771,341.89,749.35,531.79,1036.9,640.3,693.59,712.57,274.61,274.85,652.62,330.7,193.39,869.88,246.58,1517.8,1266.8,1165.6,1296.1,395.41,731.8,614.34,822.83,532.5,388.95,255.32,1010.9,204.99,482.7,212.89,551.82,503.43,705.02,1124.2,908.71,502.67,514.66,860.6,932.88,445.17,764.34,686.65,726.42,289.29,693.75,627.03,479.69,864.1,1040.4,181.28,168.3,247.95,275.65,840.75,288.85,177.56,327.12,170.44,146.07,251.9,224.71,577.74,174.34,272.47,748.63,160.34,753.87,806.23,138.84
93,732.87,301.45,950.8,268.48,1158.3,917.09,989.25,534.9,860.11,911.53,857.51,430.29,876.63,1373,353.45,865.73,696.05,401.52,722.17,596.18,992.21,769.66,605.7,614.41,251.8,293.35,567.78,404.1,201.91,816.22,260.59,1415.4,1352.6,1083.4,1087.8,514.55,664.37,871.89,656.54,490.25,454.1,245.82,889.11,184.29,445.04,211.01,488.79,412.53,966,1177,1013.1,559.58,692.8,1144.9,949.01,584.28,773.97,637.11,997.18,250.89,907.12,809.16,441.8,1011.3,1229.3,188.53,183.24,216.82,354.2,751.76,271.55,170.98,261.21,162.36,145.45,249.58,232.3,754.47,190.3,255.27,652.79,161.62,604.75,658.22,141.02
94,871.51,247.69,1069.2,331.16,1226.2,1064.5,914.03,641.89,801.03,814.87,797.99,357.44,1143.9,1434.7,364.86,860.34,641.15,471.82,673.47,636.57,918.58,822.74,527.36,520.45,225.24,292.51,487.69,559.63,210.64,734.75,321.68,1325.7,1374,976.59,912.41,616.02,593.81,919.42,518.1,447.34,496,230.14,762.74,169.38,406.53,202.56,423.78,334.06,1170.2,1178.9,1051.9,590.83,871.23,1307.1,900.46,735.26,758.74,573.87,1146.6,217.98,1066.1,971.1,394.72,1070.3,1293.3,214.2,221.4,193.37,391.32,663.82,250.53,165.55,231.02,156.32,143.87,237,228.86,867.58,222.02,236.38,548.01,195.19,491.78,516.79,141.67
95,901.44,232.33,1067.6,441.54,1112.9,1044.5,788.32,716.99,717.79,719.94,683.02,299.68,1470.9,1249.4,351.53,786.28,618.53,559.27,590.16,638.35,798.31,753.09,464.4,433.25,192.66,260.56,415.24,847.3,219.71,608.57,458.53,1256.4,1291.7,830.41,789.85,689.08,518.18,629.08,424.46,403.37,500.49,204.49,629,163.78,366.65,183.5,355.58,275.58,1283.2,1099,985.3,580.81,1050.1,1273,747.9,905.35,703.48,488.58,1100.9,193.92,1137.6,1100.5,332.85,987.18,1156.1,269.5,296.91,182.3,361.81,577.56,223.52,161.98,258.3,153.57,140.74,207.92,207.64,878.35,279.06,214.77,428.83,280.71,436.95,385.93,139.86
96,931.37,216.97,1066,551.91,999.64,1024.5,662.6,792.09,634.56,625,568.04,241.92,1797.9,1064,338.21,712.22,595.91,646.73,506.85,640.12,678.05,683.44,401.44,346.05,160.07,228.6,342.79,1135,228.79,482.38,595.37,1187,1209.4,684.24,667.29,762.13,442.56,338.75,330.82,359.4,504.99,178.84,495.26,158.17,326.78,164.45,287.39,217.09,1396.2,1019.1,918.7,570.79,1229.1,1238.9,595.33,1075.4,648.22,403.3,1055.2,169.86,1209.2,1230,270.98,904.1,1018.9,324.79,372.42,171.24,332.31,491.31,196.51,158.41,285.58,150.82,137.62,178.84,186.43,889.13,336.11,193.16,309.65,366.23,382.12,255.07,138.04
