0,647.89,338.5,622.77,269.03,469.57,262.29,329.45,560.56,304.15,297.11,352.95,310.91,281.56,299.4,649.13,409.89,616.81,292.22,335.86,399.26,611.79,647.97,465.65,269.11,559.62,306.92,579.85,404.21,355.84,612,459.35,625.64,500.62,414.85,431.39,255.86,629.76,265.15,622.64,496.31,565.43,254.17,263.5,413.82,248.12,267.14,289.69,266.66,257.6,257.9,653.99,249.87,252.63,488.12
1,647.47,353.87,633.79,268.09,467.61,267.41,347.76,569.59,299.72,309.43,347.37,394.11,282.73,297.29,638.05,410.89,623.17,285.88,369.97,408.28,614.59,583.05,550.71,323.27,564.88,303.51,590.66,432.6,337.68,620.25,459.26,654.57,490.89,445.97,463.42,258.53,625.73,270.06,605.25,537.86,571.14,251.7,267.58,423.98,248.57,276,283.41,268.04,262.54,271.26,660.81,250.63,251.7,491.18
2,647.04,369.24,644.8,267.15,465.65,272.52,366.08,578.63,295.29,321.75,341.8,477.32,283.9,295.19,626.96,411.88,629.54,279.54,404.07,417.3,617.39,518.13,635.77,377.43,570.15,300.1,601.46,460.98,319.51,628.5,459.16,683.5,481.16,477.1,495.45,261.2,621.7,274.98,587.86,579.41,576.84,249.23,271.65,434.14,249.02,284.87,277.14,269.42,267.48,284.61,667.63,251.38,250.77,494.25
3,646.44,387.04,655.94,267.42,463.92,277.22,388.16,587.42,290.96,333.46,336.39,554.88,286.9,293.32,617.28,412.81,634.87,275.09,443.87,425.73,619.01,455.26,718.01,431.84,574.95,298.86,611.89,487.7,303.6,637.48,458.06,710.01,472.51,511.47,533.88,266,617.84,279.61,572.18,619.61,581.15,246.93,275.63,444.12,249.63,293.02,271.1,270.67,273.47,297.12,674.48,252.04,249.87,497.19
4,640.8,475.08,670.67,302.88,468.63,270.2,519.37,588.88,289.66,327.1,335.86,468.91,342.66,298.11,648.5,411.74,610.22,325.3,648.51,417.1,586.5,451.87,718.53,493.41,566.48,360.57,611.35,466.09,352.99,667.77,427.66,666.4,494.92,639.75,757.81,332.68,618.73,276.11,605.92,620.81,545.2,249.47,276.69,449.09,254.94,280.54,271.77,268.2,310.12,285.19,682.17,249.76,249.78,496.68
5,635.15,563.12,685.39,338.35,473.34,263.18,650.58,590.34,288.36,320.74,335.33,382.95,398.43,302.9,679.71,410.67,585.57,375.52,853.15,408.46,553.98,448.48,719.05,554.97,558.01,422.27,610.81,444.49,402.39,698.06,397.27,622.79,517.34,768.03,981.75,399.37,619.62,272.6,639.66,622.01,509.24,252.01,277.75,454.06,260.25,268.06,272.43,265.73,346.76,273.26,689.85,247.48,249.69,496.16
6,629.5,651.16,700.11,373.81,478.05,256.16,781.79,591.81,287.07,314.38,334.79,296.98,454.2,307.69,710.92,409.6,560.93,425.74,1057.8,399.83,521.46,445.09,719.56,616.53,549.54,483.97,610.26,422.89,451.78,728.35,366.87,579.18,539.75,896.31,1205.7,466.06,620.51,269.1,673.39,623.21,473.28,254.55,278.82,459.03,265.55,255.57,273.1,263.26,383.41,261.32,697.53,245.21,249.6,495.65
7,628.79,779.35,661.76,480.03,475.49,257.83,799.86,584.62,287.18,314.16,340.43,303.09,534.41,307.15,696.91,406.82,565.99,382.27,1088.9,406.3,551.93,447.8,691.03,563.91,588.15,433.82,612.97,429.02,445.06,713.32,374.2,606.33,518.58,1047.3,1295.8,452.47,633.39,269.24,586.26,629.18,532.89,255.57,282.1,459.03,259.4,263.3,275.84,264.53,366.02,260.64,697.42,244.3,248.57,504.43
8,628.43,910.41,619.62,591.32,472.41,260.12,809.84,576.82,287.38,314.37,346.5,315.78,616.37,306.23,679.68,403.92,573.17,332.11,1107.6,413.85,586.88,450.95,660.42,503.14,630.12,375.67,615.91,437.14,434.33,695.05,384.23,638.53,494.29,1199.8,1376.4,433.15,647.13,269.64,490.5,635.48,599.32,256.48,285.55,458.68,252.44,272.47,278.73,266.06,344.78,260.76,696.75,243.49,247.47,513.88
9,628.07,1041.5,577.47,702.6,469.33,262.41,819.83,569.01,287.59,314.59,352.58,328.47,698.33,305.31,662.44,401.02,580.35,281.95,1126.3,421.4,621.84,454.09,629.81,442.37,672.09,317.53,618.85,445.26,423.6,676.78,394.25,670.74,470,1352.4,1456.9,413.83,660.86,270.04,394.74,641.79,665.76,257.39,289,458.33,245.47,281.63,281.62,267.6,323.53,260.88,696.08,242.68,246.37,523.32
10,635.85,959.57,582.76,656.04,492.2,265.23,738.76,582.78,307.04,322.75,416.31,329.4,648.32,325.45,699.15,402.48,571.04,275.9,984.2,418.6,639.63,506.45,667.05,403.95,738.01,311.92,623.59,444.29,450.37,654.89,398.16,602.11,461.68,1242.4,1305.1,381.92,653.53,277.37,419.19,626.6,668.95,255.39,292.16,465.55,249.75,275.55,281.88,269.77,303.34,264.56,694.4,251.62,248.84,524.47
11,645.07,840.1,596.41,581.64,519.65,268.14,641.62,600.35,329.89,332.31,490.21,328.26,575.02,349.3,745.38,404.7,558.81,277.63,813.7,413.98,654.39,567.49,716.27,369.46,808.15,315.58,628.66,441.72,483.76,632.36,400.99,515.69,456.19,1086,1112.2,347.78,642.47,285.92,464.85,607.62,660.99,252.88,295.26,474.1,256.01,266.79,281.67,272.05,283.34,268.87,692.54,262.29,251.95,524.15
12,654.29,720.63,610.07,507.23,547.11,271.05,544.48,617.93,352.74,341.86,564.11,327.12,501.72,373.15,791.6,406.93,546.59,279.36,643.19,409.35,669.14,628.53,765.48,334.98,878.29,319.23,633.73,439.15,517.15,609.84,403.81,429.27,450.69,929.64,919.3,313.65,631.42,294.47,510.52,588.63,653.03,250.37,298.37,482.65,262.28,258.02,281.47,274.32,263.34,273.18,690.68,272.95,255.06,523.82
13,659.27,629.39,619.71,450.19,566.1,278.95,483.11,618.45,400.32,392.58,656.75,373.48,453.71,499.42,880.24,418.05,553.15,308.47,559.84,423.62,699.55,592.83,766.13,315.04,852.23,352.23,630.4,456.94,470.71,614.38,406.14,408.38,453.64,802,818.3,336.05,626.39,298.26,529.09,539.46,613.79,270.19,335.63,489.74,266.86,290.28,303.82,284.16,257.63,278.38,690.4,276.94,273.72,527.03
14,662.84,547.56,628.01,398.93,582.27,288.5,433.65,613.28,456.13,457.01,755.64,435.68,414.13,659.83,983.01,432.15,565.96,346.71,505.54,444.17,735.18,524.89,750.59,299.94,794.08,395.01,624.29,481.51,397.67,627.95,408.3,409.33,459.4,683.93,747.94,377.29,623.38,300.45,538.63,480.22,564.13,297.46,384.28,496.33,270.87,336.22,333.69,296.51,256.67,283.88,690.64,278.71,297.57,531.42
15,666.41,465.73,636.31,347.68,598.44,298.06,384.2,608.11,511.94,521.44,854.52,497.88,374.54,820.24,1085.8,446.24,578.78,384.94,451.24,464.73,770.81,456.95,735.06,284.85,735.94,437.79,618.17,506.09,324.62,641.52,410.47,410.28,465.16,565.87,677.58,418.54,620.37,302.64,548.17,420.98,514.48,324.73,432.93,502.93,274.88,382.16,363.56,308.87,255.72,289.38,690.88,280.48,321.41,535.8
16,639.3,433.04,646.92,323.46,621.42,309.82,369.46,608.6,543.35,573.09,908.42,562.57,356.49,852.19,1098.5,455.85,572.16,463.07,425.24,477.47,788.42,469.31,747.28,279.09,693.62,509.29,626.88,520.9,352.15,662.42,413.18,411.7,486.37,503.02,625.42,407.16,629.2,307.27,544.24,443.71,507.7,345.85,449.29,513.1,301.93,420.44,357.35,319.33,257.92,297.66,692.14,273.94,334.06,535.77
17,596.86,424.93,658.7,312.77,647.82,322.68,372.08,611.91,562.56,618.37,939.82,628.51,349.21,819.92,1066.3,463.21,555.82,561.15,413.39,486.31,797.02,521.81,773.37,277.99,659.21,595.15,643.02,530.82,429.99,687,416.18,413.35,515.31,467.79,582.37,369.47,643.96,313.12,533.58,507.43,522.37,363.89,449.51,525.06,340.49,454.87,333.11,328.84,261.69,307.32,693.9,263.25,341.11,533.52
18,554.42,416.81,670.47,302.07,674.21,335.54,374.7,615.23,581.77,663.64,971.23,694.44,341.92,787.64,1034,470.58,539.48,659.23,401.54,495.15,805.61,574.32,799.47,276.89,624.8,681,659.15,540.75,507.82,711.57,419.17,414.99,544.25,432.55,539.31,331.78,658.71,318.96,522.91,571.15,537.04,381.94,449.73,537.02,379.05,489.31,308.87,338.35,265.46,316.98,695.67,252.55,348.16,531.28
19,562.7,410.01,686.72,295.29,676.54,341.24,371.34,631.99,567.49,663.81,927.74,691.06,337.73,731.6,1023.1,472.01,545.8,719.25,406.71,503.34,768.8,603.62,799.82,277.91,607.17,709.16,670.61,544.56,547.31,721.75,412.97,420.27,548.7,414.86,515.73,306.66,693.05,318.86,520.86,583.88,530.27,388.05,433.83,544.89,397.57,490.81,327.57,355.11,264.3,324.67,705.06,258.23,347.84,526.1
20,609.77,404.23,706.39,291.51,660.48,341.48,363.41,659.03,527.61,629.49,826.99,634.67,335.9,657.4,1028.4,468.9,569.45,750.17,424.88,511.03,697.27,615.19,780.5,280.55,602.37,693.19,678.51,543.72,557.48,720.92,399.74,428.31,534.43,410.59,507.05,291.14,742.37,314.2,525.4,557.61,507.1,385.05,405.61,549.62,400.76,467.12,379.11,377.43,259.37,330.85,720.28,276.42,341.88,518.68
21,656.83,398.45,726.05,287.73,644.41,341.71,355.49,686.07,487.73,595.17,726.24,578.28,334.07,583.19,1033.7,465.8,593.09,781.09,443.06,518.71,625.73,626.75,761.17,283.19,597.58,677.22,686.41,542.87,567.65,720.1,386.51,436.35,520.16,406.33,498.36,275.62,791.7,309.54,529.93,531.35,483.94,382.04,377.39,554.36,403.95,443.42,430.65,399.74,254.43,337.03,735.51,294.62,335.93,511.26
22,652.9,392.37,734.49,284.21,620.94,350.33,350.44,699.79,447.74,546.82,637.88,514.74,324.4,518.09,989.24,459.72,593.32,747.81,438.52,515.66,600.65,609.04,736.54,280.85,587.5,624.48,688.62,539.05,574.94,708.78,388.23,461.84,519.24,403.67,484.65,262.46,823.37,309.43,518.59,511.39,510,364.69,351.29,560.55,389.55,410.11,442.4,403.64,251.63,339.1,740.06,301.19,331.33,511.27
23,594.45,385.99,730.92,280.96,589.56,367.89,348.48,699.29,407.63,483.47,562.77,443.58,306.37,462.72,891.48,450.48,568.52,645.91,409.69,501.11,625.24,560.03,706.24,273.17,571.78,532.45,684.76,532.07,579.14,686.24,405.94,505.99,532.59,402.73,465.56,251.82,836.18,314.18,490.26,498.15,588.67,331.99,327.45,568.31,356.36,366.5,411.62,387.83,251.11,336.78,733.18,295.33,328.17,519.21
24,536,379.61,727.36,277.71,558.18,385.46,346.52,698.78,367.53,420.11,487.67,372.41,288.33,407.35,793.71,441.23,543.72,544,380.87,486.57,649.82,511.02,675.95,265.49,556.06,440.42,680.9,525.09,583.34,663.7,423.66,550.14,545.94,401.79,446.48,241.18,848.99,318.93,461.93,484.92,667.35,299.3,303.61,576.06,323.17,322.89,380.85,372.03,250.59,334.45,726.3,289.47,325.01,527.15
25,504.81,375.03,720.25,275.66,538.06,379.6,354.36,691.11,340.2,376.99,433.94,324.58,275.9,368.4,718.34,440.02,551.65,465.46,360.8,516.84,660.49,481.71,668.92,264.09,547,381.83,708.6,518.23,552.49,650.8,447.57,573.88,552.44,399.15,437.06,236.11,848.43,325.67,451.59,472.99,694.57,276.91,287.39,581.14,297.58,299.43,356.32,354.78,252.59,328.77,721.87,285.19,315.15,541.53
26,517.46,373.35,707.46,275.54,536.05,336.06,377.96,671.9,333.41,366.44,414.61,314.3,272.51,355.88,679,451.72,612.26,424.49,354.79,619.2,648.8,484.09,699.33,272.79,548.64,377.06,787.08,511.57,465.26,653.39,481.47,564.79,547.93,393.77,443.2,239.98,826.35,335.6,470.19,463.15,639.01,271.1,283.43,581.93,284.22,308.37,341.86,335.19,258.66,317.69,721.37,283.47,294.48,566.27
27,530.11,371.67,694.67,275.42,534.04,292.52,401.56,652.69,326.63,355.88,395.28,304.02,269.11,343.35,639.66,463.42,672.87,383.53,348.78,721.57,637.11,486.47,729.73,281.5,550.28,372.28,865.56,504.91,378.03,655.99,515.36,555.7,543.42,388.39,449.35,243.85,804.28,345.54,488.78,453.31,583.45,265.29,279.47,582.71,270.85,317.31,327.4,315.6,264.72,306.62,720.87,281.74,273.82,591.01
28,566.27,376.75,685.14,278.22,537.53,268.92,454.93,641.73,320.74,346.13,381.14,294.98,268.21,333.95,615.87,475.93,708.56,357.28,404.89,759.26,636.55,489.17,744.56,310.31,566.61,386.94,897.24,502.61,339.7,662.05,536.22,535.94,541.88,386.97,466.9,249.3,771.89,347.06,508.07,441.41,559.06,261,277.88,573.48,261.54,318.32,314.67,300.56,279.63,298.24,723.37,277.83,257.73,602.38
29,657.31,397.57,683.21,287.87,553.87,291.85,577.76,650,316.94,338.25,379.11,288.82,273.12,331.85,628.37,490.36,686.1,365.39,605.93,646.04,661.96,492.61,723.02,386.04,617.22,446.94,819.72,510.5,415.48,676.2,526.67,491.28,547.29,394.79,511.08,258.45,715.42,328.95,528.99,424.68,607.39,260.26,281.8,540.89,261.7,300.82,305.99,296.15,315.15,296.17,732.9,268.8,252.28,582.57
30,748.35,418.39,681.28,297.51,570.21,314.78,700.58,658.28,313.14,330.37,377.08,282.65,278.03,329.74,640.87,504.78,663.65,373.49,806.98,532.82,687.36,496.06,701.48,461.77,667.84,506.95,742.2,518.39,491.26,690.35,517.12,446.62,552.7,402.61,555.26,267.61,658.96,310.84,549.9,407.96,655.71,259.51,285.73,508.29,261.85,283.32,297.3,291.74,350.67,294.1,742.42,259.77,246.83,562.75
31,807.85,466.77,675.98,322.05,592.67,344.87,803.03,666.26,309.14,324.61,376.72,279.75,291.26,327.01,656.03,517.42,654.54,374.41,992.3,444.5,707.68,500,691.79,516.77,709.17,546.33,683.01,525.89,542.79,701.37,505.61,414.05,555.74,431.62,653.79,281.71,613.03,296.28,573.89,395.76,681.42,258.97,289.37,491.48,262.93,269.52,290.79,287.98,376.33,290.71,750.47,253.34,243.12,548.79
32,753.32,614.79,658.49,400.45,637.23,400.82,831.84,673.17,304.4,326.5,382.43,288.62,334.56,322.01,680.78,523.62,693.69,349.33,1120.8,446.2,709.56,505.69,724.97,496.86,716.96,511.17,690.14,532,506.66,701.04,486.98,425.15,550.19,537.22,948.82,313.72,605.21,294.52,608.99,399.92,625.39,259.15,291.97,531.74,267.37,269.07,292.1,286.57,366.31,282.56,753.18,256.3,245.73,555.98
33,698.79,762.8,641,478.84,681.79,456.76,860.64,680.08,299.66,328.39,388.13,297.49,377.85,317.01,705.53,529.81,732.84,324.25,1249.2,447.89,711.45,511.39,758.16,476.96,724.76,476.01,697.26,538.1,470.52,700.71,468.35,436.26,544.65,642.82,1243.9,345.73,597.38,292.76,644.08,404.09,569.35,259.33,294.57,572,271.8,268.62,293.41,285.16,356.3,274.4,755.9,259.26,248.33,563.17
34,654.1,896.55,626.23,550.01,721.03,503.27,874.53,685.51,295.51,330.22,392.06,305.18,425.55,312.54,725.21,538.21,755.94,301.95,1337.6,461.25,715.23,515.04,780.85,455.03,728.6,439.97,704.11,543.89,441.91,699.89,451.14,456.43,538.81,750.36,1505.4,373.87,590.98,292.05,670.61,407.12,521.11,259.02,296.18,601.02,274.85,268.42,294.16,283.35,344.18,266.5,757.83,261.45,250.55,568.32
35,683.89,922.32,632.05,566.39,719.92,478.33,775.47,679.73,295.81,331.52,382.53,303.94,506.6,312.1,706.59,563.21,657.48,300.65,1122.8,562.89,733.43,503.17,724.1,417.88,702.56,397.27,708.85,547.27,470.32,695.34,444.72,545.21,530.69,872.59,1513.1,372.75,595.37,299.24,632.21,401.55,531.87,255.08,290.27,544.94,267.4,270.11,290.6,278.49,316.1,260.57,753.84,257.8,249.86,557.99
36,713.68,948.09,637.87,582.76,718.82,453.39,676.42,673.95,296.1,332.82,372.99,302.69,587.66,311.66,687.96,588.22,559.01,299.35,907.98,664.52,751.62,491.29,667.35,380.72,676.52,354.57,713.6,550.65,498.74,690.79,438.3,634,522.57,994.82,1520.8,371.62,599.76,306.44,593.82,395.98,542.63,251.13,284.37,488.86,259.96,271.8,287.05,273.63,288.02,254.64,749.84,254.15,249.17,547.67
37,742.72,968.5,643.46,596.9,716.3,428.16,579.37,667.16,296.55,333.94,364.31,301.49,664.06,311.27,670.79,612.74,467.76,297.99,697.67,758.44,768,479.72,613.94,344.23,652.15,313.6,718.15,553.7,525.65,685.84,433.25,719.01,513.69,1110.8,1521.7,369.93,603.48,313.3,556.84,390.57,552.76,247.48,278.9,435.37,252.9,273.35,283.69,268.88,260.96,249.11,746.12,250.61,248.63,538.1
38,749.95,833.45,642.54,546.12,673.01,394.82,540.56,630.95,301.51,329.71,380.39,301.76,605.4,312.32,695.94,623.47,585.6,294.97,618.41,628.77,731.97,476.92,657.37,327.03,675.96,322.6,717.27,547.4,509.06,669.29,467.9,694.5,482.85,1045.9,1324.1,351.85,587.63,310.43,560.61,389.92,544.66,252.65,286.15,457.27,257.24,270.87,286.18,267.2,263.4,255.21,750.33,250.43,252.71,550.38
39,757.18,698.4,641.62,495.34,629.72,361.48,501.75,594.74,306.46,325.48,396.46,302.02,546.75,313.36,721.08,634.2,703.43,291.95,539.14,499.09,695.94,474.12,700.8,309.82,699.77,331.6,716.4,541.1,492.47,652.74,502.56,669.99,452,981,1126.5,333.77,571.78,307.56,564.38,389.27,536.56,257.82,293.4,479.17,261.58,268.4,288.66,265.53,265.84,261.3,754.54,250.25,256.79,562.67
40,764.42,563.36,640.71,444.56,586.42,328.13,462.94,558.53,311.41,321.26,412.54,302.29,488.09,314.4,746.23,644.93,821.27,288.93,459.87,369.42,659.91,471.32,744.24,292.61,723.59,340.6,715.52,534.8,475.88,636.19,537.21,645.47,421.16,916.1,928.92,315.7,555.93,304.69,568.16,388.63,528.46,262.99,300.65,501.06,265.92,265.93,291.14,263.85,268.27,267.4,758.75,250.07,260.87,574.95
41,778.24,510.52,645.63,405.98,571.13,318.1,452.21,563.16,336.96,349.72,488.1,309.86,444.19,374.22,761.39,614.87,732.73,301.03,441.87,431.52,657.19,474.25,673.71,291.18,721.51,379.46,705.86,530.08,462.48,675.65,536.31,567.94,412.37,817.15,835.65,330.55,565.72,304.25,586.24,386.04,551.85,267.1,321.04,506.17,263.89,272.53,295.39,261.2,262.63,274.16,766.83,276.08,263.14,565.68
42,792.54,463.56,650.98,368.27,557.84,309.74,443.49,570.7,363.98,380.51,567.91,317.95,401.35,438.23,775.84,581.9,629.46,314.2,428.24,507.32,656.85,477.59,595.03,290.88,717.58,420.44,695.56,525.47,449.31,719.11,532.88,486.63,405.15,715.77,749.84,347.76,577.34,303.98,605.34,383.31,577.49,271.15,342.36,510.07,261.41,279.77,299.77,258.49,256.41,280.97,775.19,303.97,265.28,554.86
43,806.84,416.59,656.33,330.57,544.55,301.37,434.77,578.25,391,411.3,647.73,326.04,358.5,502.25,790.3,548.93,526.19,327.37,414.62,583.12,656.52,480.93,516.36,290.58,713.66,461.42,685.27,520.87,436.13,762.57,529.44,405.31,397.94,614.4,664.02,364.96,588.96,303.71,624.44,380.58,603.12,275.19,363.68,513.98,258.93,287.01,304.15,255.78,250.19,287.78,783.54,331.86,267.42,544.04
44,834.51,397.63,657.21,317.52,540.58,298.09,416.16,573.73,450.47,457.96,723.17,392.01,338.95,605.01,833.46,540.43,613.63,371.71,397.89,540.17,671.8,477.44,547.04,291.83,723.98,520.26,690.56,509.69,437.9,765.14,507.57,419.24,404.93,553.48,617.17,382.99,584.01,305.36,621.29,393.59,592.23,324.85,414.1,504.9,263.32,283.57,322.05,260.71,251.29,305.55,773.56,326.75,283.21,551.78
45,864.54,383.61,657.3,308.82,538.26,295.69,395.81,567.09,515.67,507.41,797.85,468.2,323.51,714.6,881.69,536.24,734.73,421.56,380.62,476.26,689.85,472.74,597.01,293.36,736.82,582.25,698.6,497.34,442.29,760.49,482.46,449.98,414.43,499.69,577.19,401.17,576.14,307.35,614.2,409.38,574.9,382.56,469.64,493.54,268.92,278.25,342.33,266.99,253.68,325.25,760.35,315.81,301.4,562.79
46,894.57,369.59,657.38,300.13,535.93,293.3,375.46,560.44,580.87,556.86,872.52,544.38,308.06,824.19,929.92,532.06,855.83,471.41,363.35,412.35,707.89,468.05,646.99,294.88,749.66,644.24,706.64,485,446.69,755.85,457.34,480.72,423.92,445.91,537.2,419.34,568.27,309.34,607.12,425.17,557.57,440.27,525.19,482.17,274.51,272.92,362.62,273.28,256.07,344.96,747.13,304.88,319.6,573.8
47,819.94,365.41,663.79,294.2,539.99,297.47,371.74,566,594.17,637.52,845.22,592.37,305.81,827.04,900.73,535.72,869.08,536.77,367.31,436.82,744.69,532.27,621.35,295.7,771.36,668.29,711.62,489.18,442.44,745.01,447.61,538.86,464.68,429.57,515.26,399.55,573.07,305.15,626.56,433.06,601.98,473.12,520.94,477.43,292.04,284.55,393.67,281.82,258.59,362.94,760.76,295.67,328.16,570.39
48,710.41,364.51,672.3,289.2,546.19,303.82,373.57,575.61,590.18,728.58,783.92,630.96,307.95,794.32,845.73,542,846.38,607.31,378.35,490.73,787.74,619.46,570.52,296.29,796.01,679.7,715.59,498.87,435.31,732.1,443.01,606.12,515.86,425.7,499.34,367.11,582.09,298.9,654.84,438.31,666.99,497.69,496.76,474.91,313.53,301.83,428.3,291.12,261.16,380.36,783.33,287.03,333.52,562.18
49,600.89,363.6,680.82,284.19,552.38,310.18,375.4,585.23,586.19,819.64,722.62,669.54,310.1,761.59,790.73,548.29,823.67,677.85,389.39,544.65,830.79,706.65,519.69,296.88,820.66,691.12,719.56,508.56,428.19,719.19,438.41,673.39,567.04,421.84,483.41,334.67,591.12,292.66,683.13,443.56,731.99,522.25,472.59,472.39,335.03,319.11,462.94,300.43,263.73,397.77,805.91,278.39,338.87,553.96
50,617.91,364.31,695.22,281.17,578.1,315.51,373.99,604.51,552.06,775.42,663.98,657.1,305.59,693.52,788.41,538.04,772.25,696.24,387.1,509.91,811.84,674.59,557.58,292.32,803.9,658.88,713.71,515.59,423.42,738.68,431.12,702.67,545.39,414.8,479.38,324.46,618.35,290.77,672.23,429.34,716.29,492.9,438.69,480.3,363.88,339.77,429.99,318.22,263.87,392.52,807.06,274.31,341.86,556
51,698.21,365.82,712.56,279.15,613.6,320.34,370.96,628.62,502.86,663.55,606.68,619.13,297.76,607.76,812.43,519.54,706.46,688.57,378.15,430.84,761.89,582.91,639.84,285.18,766.44,604.82,702.96,521.3,419.83,774.36,422.48,712.95,487.32,406.17,481.3,325.36,654.69,291.06,641.75,405.39,660.23,436.61,399.93,493.42,396.41,362.11,363.25,340.26,262.79,375.94,797.51,272.51,343.66,563.16
52,778.5,367.34,729.9,277.12,649.09,325.17,367.93,652.74,453.66,551.68,549.37,581.16,289.93,522.01,836.45,501.03,640.67,680.9,369.21,351.78,711.94,491.23,722.09,278.04,728.98,550.76,692.21,527.01,416.24,810.04,413.85,723.23,429.25,397.54,483.22,326.27,691.02,291.35,611.26,381.43,604.18,380.31,361.17,506.55,428.94,384.46,296.51,362.3,261.72,359.37,787.95,270.71,345.47,570.32
53,780.54,363.84,731.26,278.56,649.29,346.53,379.87,652.46,417.76,489.27,508.81,531.64,283.48,465.55,860.31,528.48,604.19,641.46,440.57,321.71,703.38,462.89,722.11,285.66,694.54,496.42,686.34,523.92,519.35,819.37,412.34,689.94,432.95,396.43,480.98,317.27,726.56,292.65,600.35,374.32,578.76,346.77,339.33,510.55,430.02,390.71,293.31,388.37,264.93,341.23,785.41,275,331.42,572.19
54,726.68,356.77,721.22,282.49,624.26,379.7,402.49,634.77,391.36,462.19,480.2,473.86,278.01,430.01,884.04,588.74,588.65,579.32,569.3,326.64,724.38,479.8,663.38,303.83,662.25,441.88,683.96,514.53,698.66,809.89,415.92,625.53,480.78,400.7,475.79,301.2,761.52,294.68,603.42,379.23,575.22,329.51,329.58,508.04,408.63,385.46,335.49,417.32,271.19,321.96,787.89,283.64,306.05,570.28
55,672.83,349.7,711.18,286.42,599.24,412.87,425.12,617.08,364.97,435.1,451.6,416.09,272.55,394.47,907.78,649.01,573.11,517.19,698.04,331.57,745.38,496.71,604.64,321.99,629.95,387.33,681.57,505.15,877.97,800.4,419.51,561.11,528.61,404.97,470.59,285.13,796.48,296.71,606.49,384.15,571.68,312.24,319.82,505.52,387.24,380.22,377.67,446.27,277.46,302.7,790.37,292.28,280.68,568.37
56,650.91,352.37,708.57,289.98,589.22,477.07,500.23,626.67,348.38,413.55,434.35,376.56,272.82,370.8,930.85,675.22,560.14,468.74,858.85,345.35,761.85,502.91,573.9,330.32,657.6,375.07,690.28,499.69,921.46,795.6,420.95,522.73,536.62,406.36,468.44,281.1,817.99,299.96,611.71,388.68,577.89,301.81,312.57,506.82,362.8,370.51,386.75,444.36,297.63,290,793.25,295.31,267.14,570.71
57,663.13,365.48,713.9,293.14,595.24,574.45,631.46,665.42,342.3,397.92,429.24,356.53,279.22,359.84,953.21,665.02,549.93,434.92,1054,368.58,773.48,497.67,573.08,328.14,749.33,408.01,710.86,498.41,819.75,795.82,420.09,512.18,502.06,404.68,469.56,289.94,825.12,304.53,619.22,392.8,594.5,298.7,308,512.19,335.09,356.02,360.44,409.45,332.66,284.32,796.58,292.32,266.26,577.59
58,675.34,378.58,719.24,296.31,601.27,671.82,762.69,704.16,336.21,382.29,424.13,336.51,285.62,348.87,975.57,654.82,539.72,401.11,1249.1,391.81,785.11,492.43,572.25,325.96,841.05,440.95,731.44,497.14,718.05,796.04,419.24,501.63,467.51,402.99,470.68,298.78,832.24,309.1,626.73,396.92,611.12,295.58,303.42,517.55,307.39,341.53,334.13,374.54,367.69,278.64,799.9,289.34,265.38,584.46
59,671.2,421.12,717.21,314.73,596.29,716.9,844.79,728.9,330.16,373.91,419.01,324.94,297.63,340.15,977.05,642.43,531.47,376.71,1281.5,431.34,777.17,507.08,572.27,327.08,869.01,441.67,741.74,495.64,667.95,795.44,426.9,485.26,446.93,422.4,515.63,310.86,815.72,313.42,626.18,399.3,612.2,291.45,301.43,522.27,286,329.56,315.83,346.87,380.52,273,805.69,285.67,263.15,595.45
60,642.54,507.8,704.13,356.03,574.82,683.51,853.2,732.62,324.17,376.39,413.86,326.05,318.05,334.79,947.21,626.75,526.17,366.43,1070,495.31,739.86,551.56,573.55,333.15,801.32,394.06,736.63,493.8,695.25,793.64,447.32,460.18,447.31,473.46,626.34,327.8,763.73,317.37,613.55,399.07,589.99,285.81,303.32,526.02,274.08,321.39,309.56,330.05,360.03,267.4,815.17,280.96,258.9,612.6
61,613.87,594.48,691.05,397.33,553.35,650.13,861.61,736.34,318.17,378.87,408.71,327.17,338.47,329.44,917.38,611.07,520.87,356.16,858.52,559.28,702.54,596.05,574.84,339.21,733.63,346.44,731.53,491.96,722.55,791.84,467.74,435.09,447.69,524.51,737.05,344.74,711.73,321.33,600.92,398.84,567.78,280.17,305.21,529.78,262.17,313.21,303.28,313.22,339.54,261.8,824.65,276.25,254.65,629.75
62,601.75,679.79,684.65,436.13,544.43,603.91,848.3,740.67,315.34,382.56,403.01,327.47,375.8,326.79,884.47,606.91,514.3,345.94,688.02,578.51,696.2,613.55,576.83,343.23,692.92,312.67,730.35,491.97,741.09,787.27,487.97,417.34,445.68,593.81,835.08,348.99,673.81,324.45,597.04,398.9,555.2,274.68,305.76,531.96,254.8,305.5,300.3,300.48,321.23,259.11,830.43,271.97,250.86,638.99
63,628.27,761.91,693.83,469.09,564.77,527.74,784.3,746.41,319.9,389.08,396.04,325.86,452.58,330.47,844.38,629.6,504.74,335.87,613.2,493.35,762.11,568.08,580.49,342.49,715.15,311.2,738.35,496.28,739.17,776.26,507.75,416.73,438.09,705.7,903.51,323.62,668.71,325.65,613.62,399.64,565.07,269.54,303.19,530.5,258.04,298.88,305,297.26,308.01,263.2,827.58,268.7,248.15,629.81
64,654.79,844.03,703,502.05,585.11,451.58,720.3,752.15,324.46,395.6,389.07,324.25,529.37,334.14,804.3,652.3,495.18,325.8,538.39,408.19,828.03,522.6,584.15,341.74,737.39,309.73,746.36,500.6,737.26,765.25,527.53,416.11,430.5,817.59,971.94,298.26,663.61,326.84,630.19,400.38,574.95,264.4,300.62,529.03,261.28,292.26,309.69,294.04,294.79,267.29,824.74,265.42,245.44,620.62
65,680.52,898.15,708.32,517.96,601.73,387.74,668.62,746.6,328.15,400.44,383.86,321.58,583.8,337.27,770.68,667.03,488.32,317.78,476.4,341.02,863.21,487.91,585.9,352.46,754.63,308.08,753.96,505.89,744.4,754.97,534.55,418.45,427.4,895.57,1006.3,278.66,659.54,327.51,642.62,405.49,581.57,261.07,298.83,529.03,264.2,286.27,313.01,290.77,283.59,270.59,822.67,263.21,243.84,617.19
66,703.38,851.09,699.66,472.26,604.87,368.47,661.44,700.23,328.7,399.2,384.98,315.07,557.41,338.41,760.42,653.01,491.22,317.18,460.78,338.88,787.28,492.19,580.75,404.61,753.8,305.75,760.1,514.75,784.27,747.36,495.41,431.46,440.54,850.92,917.46,279.85,659.22,326.23,640.04,426.44,576.42,264.25,299.88,534.33,266.02,282.58,311.36,287.32,279.67,271.01,823.41,264.88,246.24,634.53
67,726.24,804.03,691,426.56,608.02,349.2,654.27,653.86,329.25,397.96,386.11,308.56,531.02,339.55,750.16,638.98,494.11,316.57,445.16,336.75,711.36,496.48,575.61,456.76,752.97,303.43,766.25,523.61,824.14,739.75,456.28,444.47,453.68,806.28,828.62,281.04,658.89,324.96,637.46,447.39,571.27,267.43,300.93,539.63,267.83,278.89,309.71,283.86,275.75,271.44,824.14,266.54,248.64,651.87
68,743.62,752.57,684.2,383.78,611.31,333.92,644.83,613.56,331.55,397.89,389.19,303.08,501.27,345.54,745.04,626.19,496.69,316.27,431.06,335.81,649.64,499.91,571.98,496.73,748.95,304.91,771.57,531.28,851.72,736.99,423.44,454.79,464.71,758.04,744.27,282.72,655.69,324.17,635.69,464.06,568.31,269.92,304.89,544.93,269.29,277.29,307.93,281.75,271.89,274.02,826.17,268.07,250.92,665.47
69,719.46,667.73,691.47,363.15,615.71,348.75,618.27,619.17,347.15,406.76,407.12,305.42,446.13,388.25,778.75,622.74,496.84,318.31,428.42,343.94,695.47,496.84,579.85,444.49,720.79,335.21,770.62,529.98,786.19,770.95,438.2,444.74,459.7,682.55,693.91,288.14,630.75,326.99,640.1,448.27,581.83,267.14,330.93,550.17,268.09,291.53,305.22,289.81,268.5,292.86,837.94,268.63,252.31,650.64
70,695.31,582.89,698.75,342.51,620.1,363.58,591.71,624.79,362.76,415.63,425.04,307.75,390.99,430.97,812.47,619.3,496.99,320.35,425.78,352.07,741.31,493.78,587.72,392.24,692.63,365.5,769.67,528.67,720.67,804.9,452.96,434.7,454.69,607.06,643.55,293.56,605.8,329.81,644.5,432.49,595.35,264.37,356.97,555.41,266.89,305.78,302.51,297.86,265.11,311.7,849.72,269.18,253.7,635.81
71,672.54,500,706.48,322.37,626.22,377.65,565.43,630.02,380.38,427.86,444.41,310.71,337.36,473.15,844.16,614.45,498.61,322.23,423.16,359.72,785.23,490.67,595.02,341.7,666.07,396.91,768.73,527.47,657.33,838.01,466.69,425.2,450.62,533.16,593.68,298.32,581.59,332.48,648.32,417.17,608.14,262.02,384.87,560.6,265.97,320.63,300.16,305.3,261.8,329.97,861.03,269.98,254.96,621.34
72,690.17,473.5,727.5,316.49,682.17,369.69,547.46,624.2,456.79,537.42,505.58,331.71,327.68,500.15,817.12,568.94,542.78,319.31,420.98,353.3,773.6,486.32,585.6,340.47,685.88,460.51,768.12,529.28,657.57,846.41,450.51,431.63,473.96,505.43,558.21,283.82,578.87,330.75,635.23,415.37,599.77,271.93,466.9,564.22,272.89,353.15,308.1,295.16,260.55,331.59,858.84,277.85,252.55,617.02
73,707.8,446.99,748.52,310.61,738.11,361.73,529.48,618.38,533.2,646.98,566.75,352.7,318,527.15,790.07,523.43,586.94,316.39,418.8,346.88,761.97,481.98,576.18,339.24,705.7,524.11,767.51,531.09,657.8,854.81,434.33,438.06,497.29,477.7,522.75,269.31,576.15,329.02,622.13,413.56,591.4,281.85,548.92,567.83,279.8,385.66,316.03,285.03,259.31,333.21,856.65,285.73,250.13,612.71
74,725.43,420.49,769.54,304.73,794.06,353.77,511.5,612.57,609.6,756.54,627.93,373.7,308.31,554.15,763.03,477.92,631.11,313.47,416.63,340.46,750.34,477.64,566.76,338.01,725.51,587.71,766.9,532.9,658.03,863.21,418.16,444.49,520.63,449.97,487.29,254.81,573.43,327.29,609.04,411.75,583.03,291.76,630.95,571.45,286.72,418.18,323.97,274.89,258.06,334.83,854.45,293.61,247.72,608.4
75,723.9,405.99,753.59,302.51,742.17,346.72,496.5,602.06,639.91,832.19,739.21,456.38,301.4,614.5,744.71,526.55,586.77,332.06,409.84,333.3,760.65,482.17,567.31,331.98,720.19,644.13,764.42,529.55,648.55,852.25,420.76,438.21,507.85,437.25,490.47,264.03,571.12,315.66,620.84,411.16,603.64,327.29,632,563.22,279.43,414.53,328.87,273.42,255.81,323.73,861.34,287.46,253.96,605.98
76,721.36,392.11,735.69,300.47,684.6,339.72,481.64,591.31,667.8,906.06,853.14,542.31,294.62,676.61,726.85,580.13,537.77,351.79,402.81,326.1,772.12,487.18,568.39,325.7,713.56,700.17,761.84,525.93,638.55,840.27,424.34,431.27,493.17,425.32,495.7,274.49,568.84,303.51,633.96,410.63,625.78,364.17,628.79,554.37,271.4,408.98,333.61,272.42,253.51,311.96,868.71,280.58,260.66,603.67
77,718.83,378.24,717.79,298.44,627.02,332.72,466.79,580.55,695.68,979.92,967.06,628.25,287.85,738.72,708.99,633.71,488.77,371.51,395.78,318.9,783.59,492.18,569.46,319.42,706.92,756.22,759.26,522.31,628.56,828.29,427.93,424.32,478.5,413.39,500.92,284.96,566.55,291.36,647.07,410.1,647.91,401.05,625.58,545.52,263.36,403.43,338.35,271.41,251.21,300.18,876.07,273.69,267.35,601.35
78,727.57,368.48,716.87,294.25,606.22,377.75,465.45,612.98,633.96,1043.6,961.33,631.26,284.1,753.34,706.88,637.48,475.77,428.68,438.4,316.18,780.94,491.53,575.22,316.55,692.92,735.46,759.23,527.42,597.51,831.93,439.27,430.38,487.58,404.73,501.29,302.58,576.9,292.85,643.56,412.83,689.23,422.38,563.92,538.45,274.42,382.68,364.13,272.41,252.21,312.15,865.98,286.21,287.05,607.77
79,738.31,359.44,718.95,289.69,591.9,431.97,466.49,653.04,556.42,1105.5,934.47,619.65,280.89,759.56,707.56,632.46,469.12,492.46,489.78,314.26,775.79,489.88,581.8,314.3,677.63,701.15,759.65,534.07,562.75,838.33,451.97,438.73,500.85,396.65,500.81,321.45,589.49,296.75,637.12,416.12,733.93,440.96,491.94,531.69,288.85,359.25,393.62,273.76,253.8,328.31,852.8,302.15,309.03,615.72
80,749.04,350.41,721.02,285.13,577.58,486.19,467.53,693.09,478.89,1167.4,907.62,608.03,277.68,765.79,708.24,627.45,462.47,556.23,541.16,312.33,770.64,488.24,588.38,312.04,662.34,666.84,760.07,540.72,527.98,844.73,464.68,447.08,514.12,388.56,500.33,340.33,602.07,300.65,630.67,419.41,778.63,459.55,419.97,524.93,303.28,335.82,423.11,275.11,255.4,344.47,839.62,318.09,331.02,623.68
81,740.13,348.09,719.35,283.02,586.69,571.4,490.39,706.78,440.24,1106.8,815.53,570.62,279.14,714.7,711.47,633.19,468.41,594.31,709.21,326.22,767.68,489.58,591.69,310.11,693.91,620.83,764.67,538.28,514.54,840.73,454.74,449.86,522.14,389.82,497.39,334.53,600.01,304.06,635.44,416.58,753.91,464.25,388.72,521.52,334.81,349.16,447.84,285.57,268.55,333.53,837.6,326.36,344.9,624.54
82,725.24,347.83,716.55,281.67,602.93,666.03,519.9,712.45,413.43,1008.8,703.58,525.36,282.02,646.17,715.47,642.22,478.19,624.56,912.77,344.93,765.39,491.83,594.02,308.27,739.75,571.28,770.53,533.07,507.59,833.56,437.91,450.95,528.56,393.93,493.71,321.22,593.49,307.31,643.61,411.88,708.07,464.72,369.86,519.13,371.54,373.71,471.12,298.8,285.23,314.33,838.96,332.3,356.31,623.24
83,710.35,347.56,713.74,280.32,619.18,760.66,549.41,718.12,386.62,910.9,591.64,480.09,284.91,577.64,719.47,651.25,487.96,654.81,1116.3,363.63,763.1,494.07,596.34,306.43,785.58,521.72,776.4,527.86,500.63,826.39,421.07,452.03,534.98,398.03,490.02,307.9,586.98,310.57,651.79,407.18,662.23,465.2,351.01,516.73,408.27,398.25,494.4,312.03,301.91,295.13,840.33,338.25,367.72,621.94
84,704.66,350.49,724.65,287.81,605.75,753.55,641.34,734.42,369.85,803.13,529.7,443.31,284.5,524.31,744.47,648.84,496.21,632.24,1192.8,366.84,742.15,513.57,590.06,309.14,807.74,473.44,788.16,526.23,588.59,811.34,422.16,449.14,524.68,406.87,498.12,309.05,584.57,310.08,656.91,405.05,689.33,434.82,337.71,521.1,416.97,404.48,482.42,328.17,314.96,284.69,850,331.28,355.4,625.69
85,703.57,355.01,742.42,299.73,577.48,695.58,764.47,756.02,358.09,690.44,492.78,410.77,282.45,478.58,779.98,640.71,503.7,583.25,1205.7,362.3,711.87,541.7,579.47,314.12,818.05,425.79,802.88,526.38,724,792.34,432.21,444.26,506.02,418.08,512.12,317.42,584.22,307.72,660.49,404.23,752.9,389.01,327.2,528.84,411.64,401.54,452.8,345.75,326.19,278.63,863.82,317.85,331.2,631.96
86,702.47,359.53,760.19,311.65,549.21,637.6,887.61,777.63,346.33,577.75,455.85,378.22,280.4,432.85,815.48,632.58,511.2,534.25,1218.6,357.76,681.59,569.82,568.89,319.1,828.36,378.14,817.6,526.53,859.41,773.34,442.26,439.38,487.37,429.28,526.12,325.79,583.87,305.37,664.07,403.4,816.46,343.21,316.68,536.59,406.32,398.6,423.18,363.34,337.42,272.57,877.63,304.43,307.01,638.22
87,704.29,365.2,758.68,333.55,540.08,591.29,1010.9,780.91,339.02,514.31,434.71,353.67,280.19,401.99,832.04,634.16,513.25,486.8,1124.5,423.95,678.87,575.76,566.32,322.97,803.51,352.32,819.88,532.05,828.49,768.12,450.11,446.24,478.74,476.15,581.35,322.03,586.98,303.87,664.02,409.1,823.67,315.02,308.26,535.09,385.34,394.51,398.54,366.61,335.07,267.63,884.72,296.04,291.97,642.54
88,708.17,371.68,743.39,362.59,544.62,553.32,1134.3,771.11,334.89,486.05,424.83,334.82,281.3,381.77,835.05,642.67,511.42,440.44,954.2,540.68,695.85,565.84,569.46,326.05,753.55,342.08,813.28,541.39,678.76,772.76,456.39,461.49,477.28,548.49,666.03,309.59,592.57,303,661.37,419.48,790.63,299.43,301.32,526.98,353.18,389.59,377.44,359.67,323.02,263.5,887.01,291.25,283.47,645.46
89,712.06,378.17,728.11,391.62,549.16,515.35,1257.7,761.31,330.76,457.78,414.96,315.97,282.4,361.54,838.07,651.17,509.59,394.08,783.84,657.4,712.83,555.92,572.61,329.13,703.6,331.85,806.68,550.73,529.03,777.39,462.67,476.73,475.82,620.83,750.71,297.16,598.15,302.12,658.73,429.86,757.59,283.83,294.39,518.88,321.02,384.67,356.35,352.72,310.96,259.37,889.29,286.45,274.98,648.38
90,719.52,447.81,716.97,406.73,549.55,487.32,1266.6,756.07,328.66,438.27,411.32,309.25,308.25,350.95,833.33,652.35,504.3,364.12,668.7,722.97,738.44,550.35,580.19,334.43,703.94,325.19,804.76,556.66,454.4,793.8,469.19,498.05,473.74,683.99,814.43,286.16,601.21,304.64,659.96,433.02,760.24,276.03,291.04,523.73,300.53,374.38,342.58,345.89,298.21,262.24,890.87,281.27,269.28,645.4
91,730.81,584.97,710.28,406.94,545.49,469.93,1153.2,755.69,328.71,428.11,414.35,315.5,360.55,350.67,820.32,645.68,495.31,351.69,612.59,733.84,773.25,549.43,592.49,342.1,758.06,322.35,807.86,558.94,460.04,822.79,475.96,525.88,470.99,737.34,855.74,276.68,601.56,310.76,665.35,428.48,801.04,276.56,291.54,542.41,292.54,358.33,336.63,339.19,284.7,272.6,891.69,275.68,266.58,636.11
92,742.09,722.12,703.58,407.16,541.44,452.53,1039.8,755.31,328.76,417.94,417.37,321.75,412.84,350.39,807.3,639.02,486.31,339.27,556.47,744.72,808.07,548.51,604.8,349.76,812.17,319.5,810.95,561.22,465.68,851.78,482.73,553.7,468.24,790.69,897.05,267.2,601.91,316.89,670.74,423.93,841.83,277.08,292.03,561.1,284.54,342.28,330.68,332.48,271.2,282.95,892.52,270.09,263.89,626.81
