0,171.04,794.68,304.52,399.56,572.13,893.89,506.31,718.99,538.24,284.56,217.42,570.86,330.76,382.76,446.11,591.21,267.48,329.32,455.83,378.93,279.96,963.07,249.09,473.62,479.31,213.05,340.98,310.55,886.95,374.83,759.52,404.34,328.2,226.92,189.27,389.44,448.13,382.79,200.63,411.37,361.07,584.28,580.19,252.26,890.22,534.41,274.9,662.23,231.96,416.85,349.81,472.35,322.56,165.87,176.26,481,163.05,198.33,258.09
1,326.34,681.75,222.83,376.68,454.35,740.74,436.61,686.54,551.8,248.92,232.92,418.75,310.92,293.39,327.88,428.91,238.91,298.72,356.99,370.68,240.13,842.31,195.59,350.34,409.75,195.68,245.3,281.74,807.44,330.72,610.48,339.19,244.97,200.32,224.14,204.35,366.95,281.65,173.51,360.38,289.24,545.25,419.21,217.78,804.17,432.46,237.79,535.9,186.14,180.1,176.88,444.14,268.01,220.13,172.08,222.63,161.23,193.02,210.19
2,255.91,649.47,199.14,329.92,389.6,601.69,409.6,596.8,453.61,225.45,215.53,355.05,278.89,256.2,309.73,411.64,226.66,257.66,282.65,368.85,226.23,696.5,198.86,331.72,356.51,187.01,206.91,268.41,765.6,253.55,556.46,277.48,224.17,196.83,212.92,181.64,303.03,207.96,160.54,275.3,257.19,468.41,336.08,190.18,561.95,410.43,197.15,445.24,180.69,147,154.89,347.59,234.28,204.44,166.61,171.54,166.25,200.39,177.86
3,228.96,601.45,184.65,296.7,335.33,503.94,381.75,563.41,436.05,222.81,197.28,421.92,241.23,256.4,289.73,356.84,203,216.82,256.13,291.86,227.13,534.55,196.04,273,323.54,179.14,176.18,242.09,734.35,214.07,509.62,241.85,221.1,187.43,200.53,181.63,269.42,182.87,160.44,214.29,222.15,388.03,297.24,177.45,438.93,362.12,176.85,409.3,168.37,144.14,147.81,277.41,205.52,181.03,156.41,167.51,160.01,175.41,161.69
4,205.65,581.21,177.6,275.18,314.54,399.46,358.02,531.09,426.12,208.01,195.42,405.71,222.69,237.21,252.71,289.68,193.59,189.38,232.74,290.31,227.77,439.71,190.45,246.96,282.43,165.87,160.96,218.93,653.12,196.79,441.27,226.66,225.61,163.45,189.8,162.4,247.06,184.11,182.1,187.45,209.83,346.14,280.02,171.71,358.63,311.76,161.58,350.15,158.84,139.79,139.39,234.76,190.56,161.71,155.89,169.22,152.3,155.48,154.28
5,184.27,569.11,177.27,277.5,299.54,334.79,356.24,507.47,401.62,194.49,194.5,335.95,219.17,216.03,234.4,256.91,196.81,183.82,217.44,359.92,224.03,376.74,188.56,226.84,257.74,162.47,156.41,213.96,576.79,189.02,379.37,225.7,226.98,152.05,189.7,146.21,237.99,183.48,199.78,176.46,215.17,327.88,275.4,169.8,316.3,234.38,156.25,304.72,154.66,138.9,139.85,238.71,186.68,153.04,157.18,165.81,152.27,151.65,151.94
6,189.78,494.67,177.18,285.35,272.56,326.55,363.87,506.03,391.34,198.77,186.75,331.42,212.18,220.2,240.64,248.26,197.31,190.12,224.5,396.4,214.07,311.69,186.09,185.55,258.83,169.16,151.14,213.48,560.88,189.7,351.59,230.02,219.68,159.93,193.59,147.03,226.03,172.34,186.89,167.85,216.35,312.67,277.05,169.96,323.01,152.74,162.68,311.67,152.31,141.63,143.45,262.33,181.58,151.57,154.42,161.28,156.1,150.9,150.66
7,199.69,383.28,173.01,258.41,268.43,300.15,344.93,486.28,400.33,205.23,188.79,357.79,201.27,227.21,225.28,216.75,195.76,187.38,235.22,394.32,197.95,296.31,179.53,190.62,248.61,162.69,147.76,195.88,564.32,194.87,356.29,226.02,211.92,156.16,181.38,143.52,190.46,164.24,158.67,166.57,211.32,306.82,274.64,169.03,330.06,154.4,162.58,316.46,154.05,141.88,135.29,241.41,171.63,145.51,158.39,167.77,154.72,150.69,146.38
8,200.07,504.75,166.42,262.01,275.96,296.55,316.86,464.61,421.88,225.04,185.62,312.22,212.43,232.21,186.26,177.91,198.01,180.02,251.29,522.25,199.75,303.59,182.88,231.78,258.22,161.32,152,201.42,563.81,194.26,415.3,206.72,210.02,156.58,190.3,148.13,229.78,163.89,162.22,163.71,208.1,274.04,257.58,171.92,396.53,149.97,158.1,313.16,155.94,146.29,135.87,266.68,173.33,150.72,157,172.07,158.35,166.1,147.16
9,181.58,511.14,180.92,291.12,267.53,296.99,292.92,466.85,399.45,182.43,172.77,283.1,198.52,242.39,184.79,197.07,199.18,182.24,264.78,611.07,202.36,482.15,191.97,220.93,276.06,174.07,155.83,195.42,534.83,195.37,401.65,206.33,209.36,153.33,180.4,147.6,203.17,173.82,153.75,165.06,214.22,302.04,253.44,167.53,389.47,159.85,156.8,301.57,150.12,146.4,137.03,286.35,188.55,147.37,155.54,170.87,152.17,157.73,151.28
10,189.52,529.75,171.22,274.13,262.82,310.27,263.52,455.5,352.39,196.85,157.87,315.57,199.28,251.26,174.71,187.21,201.08,177.51,231.02,557.72,225.65,395.31,187.08,206.37,252.46,173.01,155.08,182.82,538.59,185.29,428.69,220.16,213.41,154.08,181.05,144.37,221.61,168.28,154.6,159.59,210.51,308.75,245.78,169.14,320.56,214.63,152.87,286.06,152.9,140.23,142.09,245.38,191.34,148.67,152.79,163.1,143.35,162.12,143.05
11,189.62,538.7,178.54,273.45,277.98,290.98,291.33,536.5,370.28,191.47,168.99,308.09,202.37,235.63,173.78,199.14,205.86,183.19,228.83,604.09,221.83,325.9,188.91,219.45,267.05,168.39,160.61,189.34,565.13,192.47,416.94,216.41,236.89,152.79,191.22,144.38,191.69,165.68,153.39,161.62,209.45,338.33,244.71,169.8,312.81,243.84,155.43,318.31,161.58,142.57,150.94,225.79,193.46,157.39,157.55,167,145.51,155.64,143.56
12,197.26,524.14,181.55,273.61,288.6,297.19,272.75,596.91,314.9,181.56,174.62,296.52,212.64,221.34,167.06,196.57,202.4,187.13,220.82,592.38,221.1,341.49,183.44,232.35,268.11,168.67,163.1,189.15,553.35,189.57,399.6,214.62,234.36,151.53,190.68,146.44,182.61,162.6,151.38,161.64,208.37,360.23,246.71,173.45,324.4,246.56,160.38,318.81,161.22,143.81,149.39,222.74,195.84,153.88,162.31,171.51,147,148.49,144.26
13,214.36,512.91,199.21,268.52,282.25,309.03,248.37,540.78,309.39,191.02,170.95,299.48,216.95,214.93,164.46,189.05,198.14,189.04,216.18,598.55,219.82,342.27,182.26,238.33,258.27,172.83,164.25,190.45,539.72,181.48,409.06,207.38,217.93,149.57,182.66,153.95,183.4,162.65,156.8,158.66,211.43,510.71,249.59,172.52,324.06,206.2,164.26,310.16,165.08,146.01,143.83,233.58,194.65,150.39,163.05,168.14,146.47,152.43,145.19
14,219.57,509.14,220.93,266.28,272.91,301.28,259.91,464.47,329.66,220.98,212.01,322.64,211.89,220.57,168.96,189.93,199.1,190.23,232.76,599.71,215.62,309.89,192.99,242.83,258.56,176.51,166.17,199.49,537.18,181.11,435,198.54,227.67,149.53,183.19,161.64,169.65,166.51,168.41,158.09,215.3,697.81,260.12,166.85,315.48,158.9,163.03,314.28,179.87,149.81,145.53,272.96,193.82,156.2,163.93,163.4,149,159.77,150.02
15,209.17,503.71,205.44,270.14,284.93,296.25,275.83,513.08,197.66,252.24,309.5,369.94,212.13,254.19,167.11,191.41,219.33,190.78,259.4,477.39,238.09,326.41,210.48,244.29,266.29,178.78,170.98,213.65,517.86,183.97,444.89,213.79,264.39,156.45,198.87,161.95,165.82,171.27,178.26,163.94,211.9,689.92,276.46,168.03,350.01,164.14,156.76,306.12,193.43,149.48,152.55,367.44,203.43,160.74,170.26,168.4,152.75,157.64,158.48
16,247.84,561.5,196.05,265.75,324.99,309.19,332.82,508.69,189.17,272.5,279.96,426.83,222.03,323.02,168.07,204.98,311.54,207.22,288.87,559.51,321.53,315.59,255,238.21,278.53,184.31,197.25,274.25,564.82,180.7,443.02,245.66,256.51,165.63,213.71,174.41,198.75,188.54,191.85,178.23,217.56,774.1,260.63,176.86,515.26,154.58,162.41,321.57,213.13,150.62,149.86,529.43,225.97,162.99,175.12,174.87,144.34,166.93,170.59
17,211.41,559.53,245.55,281.61,439.51,294.42,550.39,596.44,221.36,354.16,376.13,643.62,251.93,428.69,184.06,189.8,325.72,237.01,423.87,526.08,462.13,409.13,369.98,251.78,309.4,211.9,217.65,392.35,613.96,184.4,470.96,253.48,304.58,180.63,216.59,200.94,254.56,235.54,177.22,230.39,259,577.82,277.99,193.05,352.35,162.4,184.79,320.51,309.65,158.84,148.78,618.96,316.07,160.85,163.14,184.74,153.64,174.23,200.87
18,223.98,529.28,347.12,429.29,553.85,343.1,774.71,802.11,474.96,618.89,217.7,866.48,340.42,604.64,225.17,218.71,446.67,394.01,578.92,583.06,487,652.8,387.19,343.12,339.42,275.89,327.09,568.34,771.87,220.67,545.92,320.63,403.83,223.09,293.19,273.98,305.06,256.04,203.23,293.79,413.17,434.49,376.32,306.31,510.86,203.83,230.92,421.61,394.22,172.46,151.53,706.36,393.22,193.69,193.46,207.02,163.41,163.51,294.46
19,288.84,681.79,443.69,656.33,738.13,508.08,982.7,1013.9,605.5,753.59,188.28,1011.7,542.74,691.74,400.08,310.07,446.17,554.41,755.02,748.51,449.89,932.87,431.94,515.73,424.25,420.8,402.7,607.43,946.36,344.79,728.43,520.52,550.38,297.31,379.22,353.29,343.39,344.12,335.08,392.38,482.29,685.87,570.71,508.1,688.03,277.77,309.06,591.07,403.71,215.93,179.03,664.33,437.88,207.41,246.19,234.67,184.22,214.13,327.93
20,381.55,862.74,530.87,802.73,835.16,654.15,1025.9,1187.4,737.6,868.2,308.12,1066.1,736.62,747.03,478.02,420.02,427.17,646.64,889.08,909.3,413.3,1313,415.23,730.91,579.91,513.48,423.15,589.42,1182.7,521.57,906.65,677.74,613.35,377.62,459.09,396.8,345.73,352.47,431.52,473.24,551.14,1081.6,716.75,590.1,995.44,323.62,393.51,765.46,445.09,253.66,225.06,716.93,478.6,219.71,301.45,256.2,249.57,314.31,337.64
21,481.76,1088.9,644.88,811.77,895.39,824.67,1077.3,1279,810.56,975.29,407.69,1268.7,841.72,776.04,542.8,534.6,387.44,649.38,891.94,1018.6,380.48,1392.8,341.56,899.78,756.24,548.53,410.78,557.03,1305.6,690.68,1022.9,703.5,619.45,415.22,551.69,406.03,352.09,345.92,488.11,507.13,616.33,1396,799.23,528.94,1254.9,373.68,407.1,911.51,486.25,267.65,264.13,740.43,461.24,308.38,318.93,297.11,302.29,370.52,346.85
22,543.29,1273.8,716.34,752,927.94,1035.6,1145.2,1284.8,784.86,1005.7,537.41,1334,857.58,724.34,615.56,663.26,332.48,598.16,789.4,1100.8,336.32,1230.8,265.61,894.15,882.05,558.94,390.59,526.34,1259.5,794.89,1067.1,648.41,585.46,399.7,603.66,393.95,356.51,404.64,529.49,509.16,603.14,1489.3,820.89,470.54,1330,417.28,359.17,1035.7,465.96,257.36,306.06,614.64,382.64,420.3,337.76,345.24,309.78,387.89,340.27
23,533.53,1235.1,638.12,722.44,871.27,1178.7,1028.7,1240.8,761.88,926.63,783.89,914.28,805.84,576.01,595.94,760.18,303.29,561.08,678.62,1146.6,285.85,1167.6,221.59,729.06,905.69,542.83,356.26,501.62,1164.5,773.72,1027.9,613.89,488.49,374.54,547.88,355.34,314.93,450.86,537.28,505.02,490.79,1356.5,763.9,495.42,1281.4,404.66,322.1,1117.5,404.83,238.07,350.54,489.72,315.85,441.6,395.13,361.63,305.05,400.75,298.01
24,500.63,1037,472.72,721.41,810.62,1142.9,780.39,1161.3,826.56,809.18,743.41,774.81,657.54,439.72,581.97,664.9,268.42,580.64,548.05,1026.1,253.51,780.68,209.44,700.93,810.03,487.51,275.22,459.02,1019.7,564.69,871.76,610.17,407.46,379.64,464.32,275.12,262.52,314.48,497.12,468.94,394.76,1150.8,667.26,414.5,1150.4,379.46,272.24,1033.6,383.23,238.8,299.27,638.52,288.83,443.66,354.07,361.95,306.22,267,243.32
25,457.6,1136.4,268,592.82,644.32,967.99,628.08,931.21,668.98,690.69,627.05,656.07,576.52,321.44,453.38,461.73,230.18,480.44,416.69,903.64,220.38,660.41,186.01,591.58,788.24,391.38,227.28,381.78,859.25,504.55,737.52,506.24,366.47,308,420.7,236.65,207.26,231.37,426.13,283.44,326.53,973.99,549.92,240.12,955.15,276.62,213.98,809.74,296.34,228.5,237.69,693.96,202.35,376.26,284.4,320.45,270.97,330.69,200.71
26,412.74,911.39,232.29,484.88,525.01,798.15,549.29,855.59,658.09,499.04,585.79,654.36,490.49,311.59,334.43,416.89,217.3,441.24,343.17,610.56,218.94,598.7,172.67,479.31,608.86,315.31,210.57,307.34,770.94,424.3,600.24,362.52,299.59,230.23,352.45,185.78,181.96,183.65,364.81,256.98,264.64,869.58,419.11,180.67,804.95,251.8,184.5,653.27,260.41,190.63,229.53,393.25,213.14,319.13,242.64,290.79,222.01,409.03,176.58
27,323.28,830.65,218.33,446.97,421.09,659.42,448.74,797.12,537.56,370.35,527.39,657.33,409.83,281.92,277.02,357.64,219.56,340.74,289.18,750.95,204.39,479.7,187.23,349.83,484.47,266.16,191.56,247.61,698.59,353.21,437.64,291.44,266.06,192.1,298.72,172.29,186.68,197.49,312.86,207.88,243.79,844.53,337.39,154.45,711.52,211.14,175.28,542.32,209.33,173.58,187.77,339.75,203.2,286.19,209.06,253.68,192.66,319.61,166.52
28,267.66,754.31,203.73,403.6,359.41,509.45,348.47,738.84,502.06,288.67,511.29,592.99,335.97,276.04,227.43,275.25,202.89,258.37,261.42,814.06,202.68,354.6,187.44,293.44,431.13,251.97,183.73,231.41,626.08,279.61,345.62,245.44,239.04,176.25,254.87,165.64,179.27,186.05,245.93,181.22,240.57,707.89,289.52,144.36,651.84,179.72,175.03,471.63,188.41,161.03,160.5,325.16,195.24,228.42,179.71,225.13,177.24,246.39,165.21
29,244.53,681.12,195.48,350.35,329.81,412.4,292.02,682.12,434.96,252.98,507.29,517.12,278.73,272.42,196.23,208.97,193.29,225.14,245.38,757.6,195.91,287.77,185.07,364.74,382.51,237.49,174.74,230.93,562.33,226.2,306.49,227.7,219.51,167.98,231.22,159.95,172.03,169.08,203.35,171.46,226.2,549.91,264.7,139.97,593.46,159.18,172.48,397.49,186.59,155.43,152.21,298.29,189.96,192.05,169.09,212.22,166.65,213.57,162.57
30,226.07,637.47,187.9,315.28,312.33,370.47,276.92,636.57,344.92,236.66,480.78,455.27,255.91,267,187.98,189.63,195.23,213.17,237.36,709.28,189.46,267.15,185.93,413.61,341.12,217.92,165.03,231.95,525.59,197.39,284.57,226.45,213.45,161.41,218.52,153.89,171.29,168.37,194.19,164.4,214.13,437.54,259.18,137.76,525.5,145.7,166.07,354.19,183.89,155.16,152.16,262.81,183.88,187.92,172.01,200.17,158.67,182.54,158.68
31,208.25,621.34,176.48,302.15,296.39,333.53,279.21,612.12,336.07,211.28,445.62,410.53,259.72,269.89,187.99,204.19,190.87,196.13,236.43,690.28,198.62,245.38,180.79,312.36,330.44,210.72,163.03,238.18,521.64,179.98,271.27,222.69,216.78,155.13,205.7,148.54,165.95,169.39,188.41,158.89,222.81,354.08,262.37,137.57,479.15,140.04,161.54,375.52,177.27,152.91,153.02,225.27,179.79,184.36,171.48,183.64,157.23,151.03,160.96
32,209.81,622.36,183.07,277.79,281.98,309.23,297.12,603.47,305.71,198.31,441.95,435.24,237.85,254.55,193.1,198.32,188.46,194.8,224.54,622.81,197.56,224.72,178.19,256.55,286.6,203.97,157.41,231.75,526.41,174.25,262.95,233.81,218.39,149.27,210.66,154.93,159.16,160.13,172.23,153.43,218.72,326.95,250.7,137.56,510.58,140.35,163.2,365.88,171.51,151.02,146.99,226.48,179.93,180.39,168.41,190.06,162.67,158.5,168.12
33,195.74,532.7,174.13,286.47,283.89,287.2,256.23,560.91,269.64,206.03,423.77,408.62,229.08,256.93,180.44,188.02,182.72,181.16,240.13,638.42,203.3,208.45,192.26,289.46,289.65,197.74,153.55,200.58,506.91,170.68,263.57,215.33,211.13,155.92,202,146.85,171.44,161.93,167.45,153.02,206.59,331.54,238.55,139.95,569.98,145.48,170.26,367.15,171.02,152.3,139.06,204.72,187.69,162.43,162.12,172.79,154.48,178.54,157.56
34,210.8,541.24,175.52,310.03,286.47,312.77,248.73,534,358.5,206.08,427.08,438.59,225.68,263.57,181.84,184.93,179.67,192.69,221.35,639.37,189.45,210.1,175.85,268.37,304.75,194.39,155.25,190.46,520.45,174.32,243.18,209.44,221.24,158.84,204.31,146.89,163.68,154.33,173.47,152.58,201.23,322.01,248.12,136.32,528.46,142.84,156.1,362.49,182.69,148.16,136.29,194.7,184.64,164.94,161.08,185.24,151.52,154.69,157.24
35,194.23,477.65,168.59,288.37,272.66,300.2,231.07,538.27,302.08,195.01,426.97,412.25,217.84,257.06,175.61,194.36,179.21,186.26,231.58,624.42,206.87,208.03,176.74,265.7,273.11,187.59,163.89,183.74,467.05,171.84,243.02,207.79,206.98,155.17,203.36,152.46,162.76,151.97,180.3,152.51,208.33,308.01,235.11,133.22,487.96,145.11,152.31,339.71,186.35,146.68,138.83,189.65,175.91,159.41,169.96,184.74,151.06,169.89,167.92
36,188.62,450.2,178.34,289.12,256.28,294.4,233.84,553.44,341.11,194.41,417.09,354.32,221.53,240.92,172.5,191.42,184.85,182.62,229.51,624.91,210.6,199.63,178.35,286.62,287.38,184.43,159.73,196.2,466.04,163.54,240.23,209.4,205.05,153.09,208.67,148.48,156.39,153.28,179.21,150.59,205.73,309.78,232.03,136.61,492.44,145.74,155.69,320.24,175.67,146.97,144.83,195.83,178.46,156.18,168.26,182.65,149.66,169.72,168.26
37,190.55,448.28,183.68,276.49,259.98,302.3,239.19,564.83,352.25,192.28,427.27,308.37,231.74,243.17,172.64,187.48,186.37,183.42,224.05,619.4,203.91,199.17,184.23,286.67,295.67,189.03,158.76,211.87,470.69,163.05,236.86,205.6,206.77,155.56,207.15,142.44,159.74,155.25,178.27,149.54,198.39,311.08,239.43,137.73,462.21,145.13,157.71,311.24,172,150.49,146.04,191.27,186.02,160.18,165.46,177.9,148.11,166.25,165.43
38,200.33,466.24,176.92,260.4,267.45,307.73,237.3,572.07,338.34,186.79,427.24,305.39,237.31,252.74,170.96,184.57,181.27,184.15,230.05,612.71,202.87,205.13,186.13,269.17,287.6,190.54,159.86,202.98,452.46,164.21,234.32,205.74,214.25,155.52,202.77,144.81,165.39,151.72,177.48,149.6,197.51,310.84,246.94,133.54,412.66,146.94,158.79,307.98,173.59,153.3,145.81,199.35,189.44,164.55,168.4,178.7,148.14,162.24,165.22
39,215.56,510.31,172.77,267.1,260.97,303.36,244.94,564.08,377.25,186.02,404.51,333.99,234.1,253.58,165.49,178.1,179.63,184.55,237.41,620.5,208.54,205.44,178.61,282.03,295.14,184.42,154.94,186.94,444.19,157.83,227.92,213.49,229.28,152.74,204.91,152.64,161.76,145.26,174.38,149.75,204.39,315.75,244.42,129.04,389.73,149.54,162.58,305.74,170.98,152.21,148.13,240.53,187.68,162.58,169.87,185.58,149.9,155.19,165.76
40,207.28,458.78,177.14,259,278.99,275.63,278.57,507.9,372.09,187.48,424.62,397.74,225.02,259.7,176.37,199.85,179.26,190.32,225.72,636.21,231.04,198.78,171.03,312.92,300.18,183.98,168.5,284.49,431.58,168.1,226.76,194.06,204.25,158.5,217.59,162.32,181.08,147.1,167.45,161.14,203.13,283.87,241.34,129.82,324.34,147.08,162.88,335.63,173.01,149.02,148.6,226.23,196.38,166.83,165.52,177.69,151.45,166.85,159.71
41,208.63,462.04,182.13,262.62,276.3,285.04,287.99,538.76,384.91,196.71,411.94,401.05,230.13,288.49,173.86,186.85,179.94,190.98,242.69,590.73,264.84,208.95,176.24,324.05,305.22,181.96,169.47,366.6,446.57,167.07,224.82,197.25,206.97,160.15,246.92,164.48,196.44,153.48,165.41,165.69,212.56,292.78,240.16,132.75,325.71,155.9,163.98,323.47,179.58,149.7,145.8,268.98,197.8,169.24,170.63,180.35,156.94,163.55,168.31
42,209.98,465.3,187.12,266.24,273.62,294.44,297.41,569.62,397.73,205.95,399.27,404.37,235.24,317.29,171.35,173.85,180.63,191.64,259.66,545.25,298.64,219.11,181.46,335.19,310.25,179.94,170.45,448.71,461.56,166.04,222.88,200.45,209.69,161.8,276.26,166.65,211.79,159.86,163.36,170.25,222,301.7,238.97,135.68,327.08,164.71,165.09,311.32,186.15,150.38,143,311.73,199.21,171.65,175.75,183.01,162.44,160.25,176.92
43,223.44,535.23,200,299.87,271.05,279.55,306.95,573.49,383.95,246.08,426.55,431.97,287.27,417.22,262.53,183.45,200.4,205.72,387.6,552.76,406.87,221.6,199.84,320.46,320.57,214.56,213.96,639.85,510.6,177.49,239.55,246.18,259.72,189.15,387.66,199.32,272.47,206.87,185.84,210.01,299.36,304.46,276.42,139.8,377.02,158.89,184.05,315.96,231.46,154.46,158.15,359.34,209.98,178.21,195.78,202.35,181.58,184.9,214.06
44,268.75,611.11,251.01,357.85,313.83,284.8,400.53,628.18,423.16,317.09,493.7,513.58,380.42,510.96,349.97,223.87,274.48,235.26,568.74,628.76,428.25,280.84,242.85,383.92,335.54,308.29,194.27,628.54,581.01,195.67,324.78,360.31,366.96,228.44,458.17,204.8,342.02,287.97,203.14,280.83,403.88,415.91,402.76,152.23,412.55,171.89,234.16,365.81,326.53,164.65,177.43,496.36,254.54,190.78,212.97,242.95,244.65,215.65,257.76
45,368.89,800.97,314.68,462.94,449.57,308.23,574.3,749.96,513.4,540.61,620.28,718.72,565.29,639.55,438.77,293.87,319.87,303.17,719.16,831.22,412.6,381.13,269.43,499.5,371.36,411.91,211.64,519.42,724.66,222.07,459.89,499.36,395.82,318.78,486.05,242.11,388.37,362.68,259.73,332.37,530.08,588.49,585.89,173.64,653.72,231.33,309.77,516.4,449.16,181.04,210.1,793.3,298.65,243.27,250.9,296.08,307.4,293.18,381.03
46,477.75,1041.8,370.81,629.01,612.01,358.77,787.07,908.36,648.23,712.41,727.83,946.28,778.29,697.55,496.09,401.04,339.88,401.93,805.57,1052.6,398.46,540.67,274.35,616.49,505.5,460.28,259.41,423.05,923.23,309.39,654.75,648.39,425.25,376.13,476.95,259.97,425.44,435.03,341.57,360.62,594.3,819.47,749.13,186.54,953.35,289.67,387.24,756.59,489.08,208.02,238.4,1096.6,341.91,320.53,322.61,356.34,343.29,410.46,459.97
47,552.26,1178.5,409.01,756.34,729.9,464.25,943.62,1077.4,820.43,694.92,775.17,1075.5,889.51,631.28,505.87,514.71,351.98,508.43,814,1178.2,384.99,709.7,276.25,745.46,730.73,476.64,255.83,353,1092.9,459.86,843.99,718.34,483.97,396.59,448.82,212.94,459.32,472.28,390.56,372.31,567.68,1093.9,838.27,193.73,1099.9,328.12,430.76,970.16,431.58,242.4,270.92,1159.9,372.42,375.89,396.56,407.29,358.63,480.27,389.45
48,603.78,1157,416.18,699.58,819.14,644.14,955.33,1230.4,990.73,698.86,825.83,1123.8,871.77,594.05,517.03,553.24,326.46,590.46,732.75,1223.4,375.85,748.93,282.98,910.61,892.86,595.25,196.9,302.7,1151.5,590.06,869.74,606.7,397.89,507.13,444.28,180.53,442.78,424.3,405.78,355.03,543.29,1287.8,866.53,221.12,1169.8,394.45,412.22,1019,432.33,269.31,338.24,937.77,357.99,387.09,415.36,422.2,374.16,445.3,284.97
49,603.41,1072.1,382.8,673.38,874.58,875.03,978.89,1243.7,1085.4,682.19,798.16,1122.7,964.43,611.9,506.39,503.32,348.31,568.73,617.43,1152.1,376,735.23,292.89,922.84,962.92,869.56,215.39,348.31,1098.2,737.94,792.1,651.62,320.35,470.01,440.52,194.07,327.2,506.37,548.45,347.02,473.24,1269.1,884.25,223.1,1191.6,400.86,350.49,1006.4,480.95,289.89,321.76,827,396.18,397.54,398.71,416.92,401.64,537.98,218.33
50,512.67,1070.4,381.55,675.26,938.28,1071.7,826.57,1143.4,1022.2,994.25,709.51,1040.4,875.13,483.17,415.83,585.81,272.84,560.02,584,1115.1,337.41,700.09,238.41,700.51,877.55,819.68,191.7,331.06,1008.6,671.87,669.9,624.91,302.13,373.95,370.92,165.18,288.65,418.66,511.77,273.7,393,1231.3,767.93,185.84,1102,356.79,299.17,1037,367.17,291.79,306.66,730.25,336.94,367.11,405.97,413.15,367.33,426.63,200.06
51,434.04,1004.6,342.41,620.38,796.82,1032.8,694.78,971.08,959.45,847.52,661.05,892.03,757.34,429.93,452.26,508.44,251.03,540.78,461.53,1083.1,297.76,696.87,220.81,821.3,779.07,773.41,171.8,279.66,882.96,585.98,621.04,544.69,297.58,314.29,389.65,156.68,280.33,401.79,545.51,293.97,336.92,1204.4,604.01,174.72,949.68,383.36,276.08,1004,304.99,278.31,238.11,540.19,308.45,369.48,356.02,416.2,357.87,427.92,174.66
52,346.19,825.56,298.03,543.54,717.24,947.14,586.01,850.8,827.45,621.4,626.77,819.11,637.6,387.39,367.82,522.6,212.47,485.46,401.64,953.15,274.24,706.08,221.86,962.65,772.36,671.63,168.78,260.78,830.43,574.56,556.79,425.15,277.39,254.75,369.56,147.81,248.46,351.65,452.63,275.25,296.39,1031.2,490.46,165.99,820.58,381.97,260.64,846.9,273.78,251.73,210.76,425.16,272.44,351.2,370.58,405.66,345.01,421.68,186.52
53,285.09,660.81,241.63,540.83,683.24,852.65,483.03,774.73,735.76,548.79,625.37,746.14,550.92,348.2,310.02,494.8,197.49,404.06,336.51,861.29,248.66,663.55,216.23,759.69,789.72,598.21,162,236.48,737.62,552.05,478.93,354.27,251.78,204.32,327.1,150.56,222.98,288.37,396.99,226.22,249.83,806.26,403.4,152.89,686.87,306.39,233.04,691.46,248.3,230.48,184.3,382.36,240.89,316.87,339.25,343.23,295.42,371.2,183.81
54,255.73,566.17,213.4,536.56,623,743.94,418.36,722.25,659.11,529.38,589.29,660.41,482.79,311.69,299.87,400.85,203.2,332.61,266.6,808.43,229.13,559.5,200.94,534.32,697.34,579.89,155.01,216.49,644.35,473.56,421.68,314.41,240.36,176.34,281.98,149.35,209.6,231.75,373.41,184.82,219.03,648.87,340.18,143.84,575.09,240.97,207.54,572.92,218.15,208.95,180.71,367.45,219.36,276.62,276.28,296.24,251.23,300.46,170.66
55,239.21,530.27,216.67,467.09,522.84,624.79,397.36,677.12,557.65,433.97,497.77,584.87,417.28,279.15,268.81,297.79,201.23,284.64,234.98,735.35,219.96,432.06,185.22,538.8,540.13,540.38,158.09,214.42,592.79,369.34,383.02,267.51,242.68,166.54,247.19,137.71,196.56,198.41,314.37,168.45,217.86,578.38,299.02,139.46,521.19,222.66,193.24,482.25,208.4,199.81,196.08,347.72,209.04,244.99,235.07,284.55,233.13,240.82,168.39
56,222.64,523.21,199.27,389.41,431.91,520.69,378.99,619.83,482.65,327.71,435.56,511.13,365.4,254.86,203.45,222.42,186.44,242.91,248.04,646.51,208.33,336.87,174.5,512.86,514.49,466.48,162.93,210.01,526.24,292.43,326.13,232.28,238.91,158.83,234.31,135.02,183.04,199.69,248.93,164.89,219.43,518.28,265.07,131.66,498.98,187.62,180.03,428.5,242.93,222.51,170.65,318.74,210.87,227.87,204.75,242.56,204.44,202.39,169.57
57,208.81,489.13,184.81,310.4,362.76,454.42,380,524.35,463.12,314.19,435.87,414.6,315.78,238.31,179.85,214.06,185.79,219.49,258.2,591.77,207.6,330.53,166.7,364.98,540.44,683.86,145.21,201.47,473.27,239.82,275.51,223.16,229.29,154.93,230.56,136.54,181.87,195.65,241.95,158.56,198.29,430.52,257.47,137.59,414.46,188.47,185.1,382.95,241.68,198.88,146.17,286.5,208.07,185.6,179.79,237.78,189.9,198.78,166.91
58,193.54,451.57,188.37,306.94,330.68,396.79,366.74,447.12,409.92,230.47,415.26,356.45,279.21,262.17,175.8,213.26,199.17,209.54,249.84,555.47,209.88,276.39,166.56,371.01,487.67,516.27,152.93,209.52,442.59,204.34,251.82,222.43,227.31,161.2,214.98,141.12,157.67,169.24,209.66,160.04,220,389.43,252.88,141.34,352.38,172.92,178.39,349.44,184.62,174.95,163.77,275.18,206.66,177.08,180.73,177.25,179.52,201.19,164.15
59,208.19,453.31,190.94,290.53,325.32,366.69,351,445.68,411.51,225.36,389.23,287.63,242.17,265.86,178.1,231.1,196.77,207.66,231.76,577.57,215.16,232.62,167.62,318.82,452.07,403.63,152.63,197.14,430.57,186.28,238.57,216.63,225.47,161.05,203.97,146.01,152.79,170.5,191.46,163.95,213.16,374.1,261.4,137.99,330.03,163.03,183.26,334.05,190.19,162.35,167.46,263.68,197.7,172.79,180.58,217.91,178.76,185.2,157.09
60,215.09,421.68,179.33,291.43,313.44,336.86,305.08,446.4,392.88,211.66,403.82,268.76,407.17,275.18,169.18,218.61,197.57,186.72,218.47,580.38,207.62,219.62,170.99,293.72,426.55,331.86,153.71,195.25,404.14,181.92,253.18,209.66,208.75,157.38,202.75,145.25,151.37,160,182.79,157.62,200.52,371.13,244.59,135.12,318.37,158.17,179.56,331.07,193.5,154.84,150.78,262.93,196.71,172.09,179.35,217.85,175.22,171.74,156.9
61,204.79,388.65,181.66,286.92,302.57,318.58,310.12,432.81,316.39,195.73,388.59,254.39,464.36,269.15,170.82,220.49,192.09,188.88,218.96,589.96,202.01,218.76,165.9,252.45,404.4,280.05,151.67,196.97,404.06,175.97,258.02,222.72,205.9,155.89,197.89,151.09,148.07,154.11,184.2,150.52,197.96,355.79,237.45,132.81,322.94,159.75,177.77,309.02,204.49,156.98,147.44,327.68,195.69,167.08,172.07,209.52,166.35,162.56,155.65
62,208.85,385.82,191.19,279.82,297.99,315.77,328.03,436.83,255.5,193.86,376.31,240.81,449.52,261.28,172.35,224.14,188.43,198.62,219.69,591.91,200.24,215.85,168.33,221.81,394.23,244.38,145.63,183.94,410.04,171.38,257.94,223.37,207.63,157.08,205.61,152.56,145.89,163.69,183.3,148.58,197.51,339.09,232.12,134.5,330.61,163.97,174.31,303.64,206.81,157.88,150.55,321.1,196.24,164.52,168.31,317.17,160.62,160.76,162.4
63,224.79,407.7,197.38,276.88,292.88,321.23,308.8,450.96,266.85,203.36,384.99,234.62,452.5,257.32,167.78,220.94,193.2,198.71,218.8,562.37,198.3,207.31,176.03,230.31,400.02,246.69,143.18,169.59,414,168.82,259.34,210.07,201.48,159.12,215.27,145.81,146.58,171.62,177.63,148.67,195.78,408.68,226,137.99,319.13,167.19,171.47,327.62,191.78,153.78,145.88,240.68,194.56,166.09,172.19,381.15,158.51,162.49,178.13
64,224.71,422.6,196.34,276.99,282.35,316.59,273.96,437.55,319.82,207.12,382.35,227.32,439.26,247.16,168.24,223.85,196.13,197.05,225.48,523.9,196.37,196.4,169.22,259.92,409.58,291.09,148.66,179.53,435.76,162.87,252.24,219.63,196.35,160.87,203.03,144.08,146.58,157.48,175.57,146.72,197.26,561.96,237.03,136.42,288.85,167.71,175.45,334.84,174.63,152.96,138.19,239.96,186.83,163.3,175.14,196.4,155.03,161.64,185.21
65,246.92,421.77,170.48,285.42,285.49,285.03,276.99,438.24,347.49,202.25,392.42,218.72,435.71,248.35,168.01,209.46,181.59,187.99,222.87,547.61,198.65,188.8,166.15,283.49,406.09,321.96,146.19,182.83,448.02,162.21,243.27,230.26,204.54,161.87,214.47,148.95,143.09,148.62,170.82,150.78,189.78,495.38,252.01,132.99,284.58,162.71,167.43,300.45,162.28,153.48,139.46,251.09,193.95,156.8,171.86,204.45,161.67,168.03,171.92
66,259.16,426.11,183.03,261.62,297.66,331.1,309.57,488.89,238.61,199.68,366.98,217.89,452.29,245.29,169.48,234.44,173.46,192.87,227.85,546.74,203.35,209.26,160.94,233.37,377.19,524.2,149.51,204.03,453,160.63,232.92,208.21,219.73,155.37,207.35,142.12,152.25,150.52,176.16,154.96,197.4,474.88,235.67,135.02,318.87,154.8,159.86,320.77,176.18,151.89,148.5,241.08,190.23,153.79,159.32,181.66,162.06,165.32,161.81
67,256.09,400.45,252.15,286.98,279.58,321.78,311.39,436.71,233.32,189.83,354.84,226.88,438.81,230.8,182.9,175.88,179.92,182.72,241.89,509.42,193.86,197.19,159.05,207.2,403.34,577.58,151.58,190.09,465.63,157.09,236.14,196.08,213.46,153.59,208.27,147.54,150.72,160.34,174.07,152.24,194.26,439.08,240.12,132.28,391.5,153.59,173.66,320.29,181.05,151.53,140.95,243.71,195.63,155.9,156.23,199.76,159.57,167.72,159.62
68,233.7,410.55,259.56,285.41,271.45,310.54,307.51,417.2,214.93,193.1,341.06,291.99,430.44,229.57,176.81,169.28,183.21,182.11,252.28,445.99,200.62,195.52,156.46,175.67,389.06,558.62,150.3,224.08,426.11,151.23,247.19,210.97,221.31,147.5,210.1,149.06,185.5,157.71,178.2,147.21,191.16,452.94,234.11,131.49,333.05,160.98,171.01,325.9,192.11,148.84,155.26,248.03,195.13,160.25,155.21,221.49,163.69,173.4,153.88
69,241.09,432.05,258.87,254.49,273.5,316.43,304.77,442.67,236.19,211.25,337.53,324.39,439.02,250.89,178.12,191.74,181.59,181.01,263.56,468.56,209.24,220.83,157.56,180.1,388.2,660.21,159.84,255.73,412.12,153.9,269.51,225.11,230.86,161.18,210.21,141.79,199.99,154.93,178.15,145.89,204.69,474.32,238.77,130.67,309.89,157.19,186.01,317.31,226.13,149.96,160.95,261.98,195.82,165.91,167.09,229.67,174.68,193.55,157.7
70,260.01,482.24,265.53,245.48,274.88,313.3,298.88,496.54,262.21,274.01,357.41,363.17,457.47,284.66,201.24,212.92,192.52,182.47,287.23,552.97,219.28,263.77,175.54,189.09,395.59,810.94,172.22,372.54,466.01,163.41,328.53,241.97,268.41,183.13,248.48,148.83,206.84,189.23,180.23,153.25,232.49,511.01,263.91,136.65,319.21,163.3,227.48,304.51,278.28,156.81,179.7,345.39,200.38,187.3,184.47,243.68,202.64,219.43,165.25
71,316.21,562.75,281.67,263.58,285.77,300.06,336.77,571.22,283.78,396.78,404.46,406.22,499.5,368.93,252.4,228.03,210.56,208.84,361.27,644.16,258.85,352.6,196.03,302.45,406.78,922.8,182.13,509.8,572.48,186.51,430.92,298.28,332.3,214.13,321.08,174.44,220.47,241.13,193.64,168.18,288.32,600.58,331.96,146.23,311.64,195.56,280.52,355.6,334.92,174.86,230.6,487.86,203.76,218.34,212.72,279.5,245.19,256.94,193.38
72,427.35,664.26,318.51,280.63,331.74,315.61,469.47,682.16,356.15,544.82,487.05,442.66,604.92,523.68,330.28,247.44,227.23,291.88,502.24,755.77,328.25,508.48,203.03,617.81,450.38,1000.1,194.13,565.02,699.4,241.64,558.9,406,399.21,270.65,393.03,189.3,239.43,293.3,223.27,196.52,393.9,759.25,467.98,151.45,305.07,234.66,345.98,495.72,394.05,207.32,302.36,575.06,211.41,247.56,263.71,366.15,297.78,327.52,256.19
73,470.71,801.44,402.5,326.44,418.52,379.35,637.75,843.88,516.13,636.05,618.78,605.5,793.41,628.15,415.4,278.83,267.68,435.35,635.77,940.45,341,639.66,222.72,885.38,554.82,1058.7,213.2,710.63,841.88,332.39,685.41,511.08,476.88,342.22,471.62,164.9,277.21,421.12,270.85,263.05,521.92,940.96,637.2,160.05,386,242.93,447.75,591.57,465.76,252.59,354.47,510.33,253.21,295.8,316.74,555.07,370.53,431.86,301.87
74,517.39,866.83,647.25,441.07,538.18,367.19,762.51,995.68,659.93,697.32,691.02,815.85,975.31,668.75,487.16,416.64,225.99,517.56,754.12,934.03,338.5,679.02,178.47,832.92,677.79,1136.8,270.42,686.11,958.27,397.98,748.98,768.43,513.15,400.9,513.66,175.2,276.39,429.31,326.9,355.77,553.75,1123.7,658.97,171.03,578.86,294.72,404.25,705.09,487.1,398.85,260.36,652.31,305.7,333.33,331.3,645.07,395.65,536.44,312.89
75,515.63,934.35,676.72,581.52,633.67,490.42,815.23,1008.2,753.57,727.97,804.85,853.77,982.2,659.53,524.76,462.61,188.88,583.94,810.04,1029.6,337.05,803.83,197.73,789.93,774.18,1084,247.84,675.78,1024.1,439.78,729.31,706.16,387.88,389.55,523.83,332.3,273.69,407.69,375.98,346.91,568.31,1317.1,591.82,162.37,854.28,383.34,390.99,866.84,367.84,378.56,221.66,688.52,351.52,369.61,400.5,682.97,407.81,523.99,314.01
76,506.73,936.91,617.7,715.64,694.54,639.85,763.45,930.79,754.75,761.52,828.3,895.42,1000,583.82,464.5,493.17,215.76,577.75,759.8,1050.4,391.12,785.93,326.07,889.11,854.89,1159.2,179.23,546.49,963.82,469.07,614.75,641.58,398.2,372.89,547.82,274.12,255.76,377.69,420.92,369.2,563.34,1118.4,618.04,159.48,1023.4,323.57,370.75,896.18,331.53,378.63,250.57,645.67,353.22,381.47,433.81,584.9,412.9,540.86,268.64
77,469.47,866.63,471.03,752.46,791.57,791.67,706.9,890.66,645.48,679.9,769.3,955.27,1023.2,533.76,371.61,575.3,247.14,586.83,659.47,992.17,345.85,769.2,282.29,978.88,855.48,1068.6,170.71,500.89,932.77,487.25,549.98,566.94,346.54,337.42,484.64,196.24,233.35,363.45,399.65,354.98,482.23,1014.5,655.03,152.22,1132.2,284.03,344.76,896.44,328.59,353.7,283.22,670.64,348.2,380.99,428.81,487.49,423.73,501.56,250.2
78,453.7,842.65,407.49,741.08,864.82,905.95,659.53,864.86,571.76,647.16,727.84,981.52,1010.3,505.11,330.99,576.11,257.21,598.85,556.8,928.24,290.25,792.31,200.38,951.02,803.03,853.74,186.89,476.13,936.98,481.66,488.77,566.03,317.31,282.4,418.91,174.01,211.73,388.93,381.53,313.89,407.41,1010.3,634.3,144.26,1134.6,317.35,313.39,873.33,310.37,327.5,282.1,627.92,347.4,371.16,386.13,459.46,400.83,435.55,228.44
79,492.66,775.49,406.26,704.79,857.11,957.81,607.11,774.48,583.24,695.03,688.65,954.63,912.63,464.82,309.68,530.06,266.36,605.27,503.86,933.16,289.61,782.95,174.79,833.15,769.44,709.37,190.4,447.45,938.4,439.71,427.77,550.36,327.45,243.37,387.99,172.38,191.52,398.07,376.86,281.02,359.82,983.44,566.96,142.46,1047.4,357.04,280.14,789.83,294.63,299.69,239.18,521.81,333.69,362.34,359.69,441.22,358.21,396.15,203.58
80,520.21,600.12,346.97,633.23,775.5,941.74,546.52,627.66,598.55,663.58,609.5,883.88,753.53,413.34,260.29,502.09,280.89,604.17,484.26,970.19,301.24,703.71,169.57,717.62,766.13,688.38,182.99,441.39,888.94,387.7,399.34,424.22,312.82,233.66,355.95,152.73,175.42,354.3,353.15,265.26,308.43,934.93,501.28,144.32,977.43,341.66,245.48,678.14,288.27,269.98,200.62,471.19,289.16,355.68,370.48,356.87,328.49,387.49,198.79
81,416.8,566.65,287.47,555.48,674.36,858.24,485.16,550.21,543.89,463.54,572.85,763.24,648.97,381.9,259.39,349.15,255.26,549.31,404,889.98,270.8,637.08,176.15,624.48,700.51,602.87,171.27,405.81,742.48,383.66,362.87,344.42,301.33,200.45,320.49,149.43,168.66,341.9,337.36,239.18,280.4,960.26,440.39,138.47,979.82,313.22,205.25,646.5,226.19,277.62,233.81,457.72,230.3,326.18,327.94,265.23,282.62,354.74,186.73
82,335.96,509.68,219.78,493.01,637.81,730.93,404.57,471.82,426.01,349.72,499.97,631.03,585.74,293.46,244.23,315.92,242.77,385.84,445.4,788.81,248.91,452.25,169.02,534.22,597.01,570.47,162.71,383.95,590.58,357.39,385.26,270.49,251.39,178.18,290.92,153.15,155.41,292.48,284.08,202.64,276.66,882.17,361.51,134.79,831.04,223.03,191.54,577.22,207.73,192.76,199.96,508.53,225.49,279.96,268.82,291.52,242.49,248.5,167.3
83,272.34,572.64,303.25,476.92,541.09,681.38,356.24,472.15,331.77,298.62,414.6,544.45,529.66,274.48,220.78,264.55,180.94,293.6,378.15,717.21,251.71,348.1,170.36,477.41,558.83,585.59,156.53,373.72,521.21,289.69,352.66,219.63,218.68,172.49,243.74,145.63,153.4,206.26,246.28,180.71,222.43,802.15,325.66,133.05,600.35,200.98,167.6,530.18,190.06,187.91,180.05,406.94,208.18,234.51,220.27,273.97,220.49,200.92,160.79
84,267.49,541.5,255.54,369.11,489.68,593.89,313.43,430.43,294.51,248.22,399.75,509.63,462.13,260.26,202.42,233.38,210.07,268.17,363.1,665.67,238.72,323.11,163.5,451.09,496.67,538.52,147.09,346.01,488.43,266.32,322.38,201.24,210.59,170.62,216.73,154.31,144.52,192.37,210.25,164.74,219.21,739.98,302.34,128.47,489.92,177.07,165.07,425.05,191.1,172.05,165.41,309.15,180.32,198.47,205.87,261.27,202.16,179.7,152.07
85,250.24,510.04,230.69,327.02,426.65,501.61,304,384.62,293.07,222.88,373.88,428.21,432.7,246.64,196.59,226.06,220.61,259.99,325.09,634.35,231.93,291.87,157.75,426.37,478.65,538.65,149.06,263.5,462.2,259.15,303.82,209.76,215.41,156.7,215.55,146.42,149.68,180.58,190.82,159.19,225.19,678.29,294.91,129.18,430.37,165.16,171.68,361.73,185.59,169.39,157.35,261.98,180.59,186.97,189.81,264.32,181.88,175.41,160.04
86,243.69,445.71,234.49,313.98,374.54,432.75,279.9,379.76,278.18,208.67,352.13,384.74,429.63,239.3,186.65,223.23,208.95,237.55,289.68,585.91,222.28,247.04,159.98,402.47,460.09,560.89,147.75,230.28,437.01,240.53,286.52,210.78,212.21,149.04,212.36,142.37,151.85,165.66,178.19,154.75,220.18,585.55,292.4,132.3,407.44,164.93,171.56,335.22,174.29,164.14,149.69,257.35,189.21,178.23,168.67,241.03,172.42,172.51,162.24
87,244.77,395.71,225.58,312.71,347.93,386.56,250.61,388.88,252.69,197.4,343.68,379.12,412.55,234.07,176.37,219.98,205.49,213.5,263.63,539.53,209.12,221.19,165.41,386.51,421.78,560.21,146.31,236.66,429.08,217.74,271.85,203.99,207.05,149.18,205.61,145.25,149.19,160.89,170.66,150.53,212.35,534,278.97,133.32,380.86,162.2,169.35,317.63,169.62,161.88,139.53,252.7,192.31,167.13,163.87,203.67,169.41,168.94,160.05
88,241.81,402.98,196.73,325.58,330.14,348.87,248.06,376.11,232.27,194.89,345.4,363.29,377.5,248.83,173.03,219.31,212.87,203.72,244.37,527.42,203.77,225.63,163.2,379.91,392.58,535.68,150.72,225.77,436.1,201.51,267.62,199.76,213.08,149.97,206.56,142.95,149.5,161.36,169.34,149.62,208.24,541.65,261.3,132.2,331.17,154.62,171.62,307.6,171.73,164.75,133.72,249.09,193.2,161.51,182.87,183.53,165.12,165.08,167.51
89,253.76,398.23,184.79,315.42,297.97,319.89,254.28,367.28,200.52,203.34,357.17,353.42,371.31,316.84,165.16,214.63,201.33,192.11,251.32,522.36,211.46,223.35,152,376.72,395.92,528.01,147.24,224.52,417.87,180.15,267.01,187.54,221.95,155.73,207.32,138,148.73,148.32,165.45,148.18,195.98,492.1,265.75,133.09,304.09,159.58,169.66,321.68,164.64,148.66,140.3,290.01,194.8,160.08,194.77,172.88,166.16,155.51,178.91
90,247.86,406.06,165.24,302.01,272.32,327.97,261.29,370.59,195.49,201.43,329.6,334.97,364.89,345.82,164.6,206.22,203.51,190.09,243.17,480.57,214.55,206.68,158.5,381.72,384.73,541.6,141.84,223.91,374.67,181.54,243.49,191.68,226.77,156.93,202.59,144.1,148.6,165.28,164.01,145.64,196.66,555.36,252.28,135.68,294.57,158.64,176.32,320.28,164.86,152.7,135.49,240.21,190.02,164.76,180.22,187.99,162.09,165.37,186.81
91,280.62,385.8,171.71,288.65,272.14,298.39,258.79,383.01,187.59,191.54,342.26,290.02,357.11,341.73,156.44,218.26,208.76,184.54,262.58,490.23,210.7,202.87,163.15,379.45,383.96,531.43,146.15,219.89,389.64,165.03,245.29,176.63,217.66,168.93,202.99,133.68,141.16,152.68,161.85,141.09,190.64,534.22,261.43,125.72,263.16,156.95,172.31,318.81,165,150.75,150.57,236.53,195.27,157.63,177.83,202.6,154.51,168.16,179.56
92,246.92,367.16,202.72,268.02,366.76,288.49,253.15,400.7,164.27,192.06,327.36,311.88,370.91,316.8,155.02,181.97,200.1,181.04,254.78,514.9,198.08,210.94,168.78,369.1,378.76,517.56,139.83,215.37,397.16,168.36,257.5,188.22,226.2,154.47,194.44,135.67,140.03,151.21,164.29,141.48,181.1,406.64,261.97,121.65,271.65,155.06,178.96,329.63,163.12,150.71,144.72,253.93,204.15,153.75,170.92,195.63,153.61,162.61,176.09
93,228.2,358.08,209.48,264.41,391.95,268.42,252.41,400.16,159.67,205.76,341.15,344.63,361.28,358.87,166.15,170.74,195.22,183.28,248.12,489.88,203.22,201.75,181.84,367.48,367.34,464.27,145.79,216.75,407.05,167.76,254.78,181.89,225.33,147.73,200.92,137.94,149.73,156.18,164.97,146.65,178.5,339.97,247.32,126.38,279.35,155.96,196.77,334.91,170.48,148,142.26,295.23,224.58,155.82,172.22,178.49,158.57,165.61,176.15
94,226.3,356.78,214.23,257.32,377.45,258.11,261.53,363.71,159.2,210.82,343.64,359.47,366.72,379.12,170.2,181.85,201.02,184.86,229.57,465.57,206.22,199.76,178.25,376.95,356.37,433.55,143.55,221.04,395.68,163,253.18,172.68,220.31,168.86,204.61,143.36,174.43,157.62,161.28,146.27,184.72,350.51,234.09,127.34,283.97,155.28,225.7,343.7,171.89,142.99,143.86,319.65,212.89,158.06,173.82,164.29,160.7,167.08,179.61
95,237.64,393.47,214.23,269.61,359.43,272.98,262.61,355.16,162.85,221.08,336.75,353.5,376.15,370.86,174.91,184.56,209.02,186.55,214.3,450.06,207.6,216.02,171.08,387.44,351.54,466.88,138.18,243.69,383.92,157.98,258.32,175.76,219.17,199.51,203.83,146.13,205.45,150.87,158.87,145.98,193.07,358.37,227.94,126.64,284.64,154.57,270.97,365.7,180.89,144.37,146.56,322.62,196.27,160.22,174.52,163.72,156.53,171.78,189.41
96,244.79,444.83,198.71,299.49,375.76,291.92,265.56,418.11,170.03,263.17,347.29,346.04,362.89,350.59,193.54,183.33,215.14,186.55,228.35,449.83,212.14,237.26,176.68,392.22,362.93,519.97,137.99,301.44,403.05,155.87,271.01,186.36,225.84,208.6,203.68,156.13,241.6,152.3,165.01,155.11,198.1,342.93,222.17,129.88,275.01,157.23,326.74,376.34,215.57,158.86,154.4,325.9,211.7,163.19,179.92,170.39,156.65,188.03,202.93
97,232.83,440.91,192.82,299.83,444.01,280.07,296.51,505.6,198.45,343.61,375.02,353.22,318.24,297.25,221.93,210.4,228.81,181,276.85,483.37,213.24,250.65,180.26,404,391.51,539.26,134.99,382.94,437.81,161.04,297.32,190.95,241.35,198.91,204.93,188.74,270.54,184.93,178.24,171.29,202.51,377.26,220.78,132.98,260.27,166.49,368.68,346.13,274.68,181.43,180.04,347.52,228.82,165.08,187.13,169.23,175.74,217.08,206.46
98,272.55,462.32,263.82,311.67,440.42,265.99,267.46,586.38,379.9,464.99,398.55,346.41,185.67,281.09,264.41,214.46,247.57,192.28,353.25,454.32,228.03,281.41,172.26,454.49,389.66,669.79,147.66,443.25,421.03,182.63,332.1,199.42,264.39,232.01,231.77,185.57,187.22,227.77,184.92,189.31,211.75,413.63,270.18,133.43,283.32,195.96,373.08,351.92,367.1,200.3,237.39,404.08,185.47,169.44,170.5,179.24,203.88,277,183.39
99,304.34,496.41,364.87,273.05,416.91,265.34,261.82,701.25,493.05,657.03,496.4,338.27,203.21,345.63,316.63,297,212.19,202.85,391.59,503.06,264.88,389.42,207.73,467.89,419.92,640.27,208.96,605.14,304.21,191.92,385.26,233.15,264.9,285.19,302.72,166.64,206.85,301.69,205.8,239.19,251,449.06,334.28,131.72,272.07,219.61,422.6,409.46,442.71,274.98,274.19,451.56,192.01,195.7,201.49,182.98,248.32,362.03,208.99
100,337.95,620.66,462.05,297.39,456.57,252.8,298.79,781.4,621.23,753.14,630.37,387.82,289.57,437.25,400.23,417.43,220.68,215.32,419.33,658.54,349.41,561.52,274.48,550.94,457.42,892.49,239.45,613.68,472.72,237.4,467.2,281.92,307.8,319,578.87,188.27,191.72,437.77,239.09,295.48,291.18,661.39,445.94,140.11,283.05,280.41,395.23,570.95,519.96,376.67,334.53,494.53,200.29,232.57,266.45,211.22,328.94,381.39,239.58
101,390.66,846.67,551.21,332.08,515.58,261.55,434.97,823.18,716.72,687.63,737.05,493.37,492.26,549.41,459.52,560.6,192.8,251.25,638.71,857.1,433.4,640.8,386.8,642.77,573.19,1049.9,267.51,598.23,644.21,354.32,653.8,341.29,350.08,359.95,693.74,193.06,190.1,465.31,271.66,378.28,353.29,918.7,584.43,146.44,317.26,327.39,376.26,679.42,570.06,407.64,311.52,536.57,212.29,280.99,450,285.75,394.89,434.47,269.77
102,529.87,991.59,481.65,383.65,601.73,306.05,548.61,803.99,845.66,699.62,804.71,644.41,534.94,580,484.84,707.82,186.3,320.61,694.65,989.22,435.03,679.86,438.88,715.29,714.46,1119,301.08,564.21,782.1,446.77,725.49,402.82,376.79,334.99,655.95,184.42,179.86,501.26,333.54,389.96,501.51,1147.1,738.55,152.82,394.4,388.56,336.53,787.78,522.45,429.92,346.26,597.88,242.53,335.2,589.4,326.91,449.15,514.73,300.88
103,607.6,1025,383.98,491.39,702.56,379.81,675.14,772.99,919.17,753.25,827.39,813.06,548.76,584.19,494.83,803.44,216.64,392.74,776.9,1069.6,447.07,726.49,458.69,819.05,828.15,1078.4,294.34,538.4,935.79,505.2,708.95,469.04,419.35,264.55,618.11,175.69,170.85,478.39,401.62,351.01,615.13,1259.5,800.2,152.3,509.48,432.56,303.39,934.91,484.33,388.37,405.36,653.81,296.05,383.54,644.44,349.09,460.59,552.95,308.92
104,596.89,1011.2,336.12,637.22,818.62,501.1,782.64,731.08,887.2,774.07,810.84,958.48,620.77,580.85,476.76,774.08,239.93,450.83,927.67,1115.1,480.14,771.29,446.27,895.8,873.22,966.88,249.95,517.76,1014.7,567,691.56,522.6,465.31,216.08,617.7,175.59,167.98,377.68,445.34,314.1,624.24,1240.1,796.96,148,677.53,422.31,300.05,1070,491.95,292.46,410.99,673.27,349.98,423.91,611.51,338.02,458.79,515.9,286.06
105,611.03,979.79,247.11,752.59,935.59,696.43,732.8,635.19,834.55,763.36,745.59,1044.6,577.22,506.32,400.04,642.71,223.13,492.58,814.75,1075.6,412.65,778.09,343.39,811.31,861.56,894.22,239.28,457.61,897.78,622.14,655.5,516.46,464.01,215.37,555.59,178.27,155.23,326.53,457.3,282.09,607.2,1186.7,864.46,152.32,905.55,369.12,290.8,1104.3,434.02,259.31,378.02,651.06,373.59,457.63,475.58,252.59,482.02,449.81,253.99
106,422.17,876.31,235.59,850.09,936.79,913.57,630.62,581.83,781.34,546.87,560.55,1068.6,466.91,461.33,316.09,639.99,237.5,465.87,639.26,940.7,329.41,748.62,263.7,699.97,915.96,800.74,263,369.1,877.06,575.92,589.52,421.02,467.06,205.42,464.42,157.85,147.11,291.3,423.45,243.49,556.87,1188.3,829.45,152.07,1088.2,306.69,231.55,1058.6,338.76,237.51,346.26,593.79,384.99,456.56,333.6,233.84,356.71,407.9,215.65
107,385.17,870.86,408.32,658.12,923.53,1111.9,525.97,491.67,733.42,394.1,563.84,949.94,535.57,384.99,279.66,575.24,206.91,537.31,572.88,854.87,295.55,571.29,188.65,678.4,861.42,681.19,212.51,346.09,877.68,465.09,513.02,337.73,422.48,180.58,353.04,134.9,141.33,247.4,388.82,204.09,493.77,942.72,585.5,154.76,1199.8,249.54,204.21,906.84,254.54,203.38,243.12,524.93,332.1,363.61,287.75,206.5,344.15,353.22,202.53
108,377.66,733.15,300.88,694.65,854.8,968.56,459.13,417.72,682.92,332.27,490.25,883.4,508.68,343.01,211.4,508.38,212.67,425.08,516.32,795.4,272.84,516.4,162.39,604.87,862.81,646.54,179.8,290.89,737.77,410.27,478.8,309.44,359.31,175.26,318.13,139.4,136.17,231.38,376.17,191.47,416.01,840.26,467.84,145.76,1169.7,198.63,181.85,836.6,226.14,220.26,204.03,469.06,316.24,345.76,262.32,192.56,303.86,315.33,184.39
109,330.15,596.65,260.53,650.75,745.85,826.1,392.97,420.38,595.24,297.14,433.72,732.14,474.66,317.19,203.37,456.2,198.3,366.25,443.19,696.33,248.73,453.56,168.98,534.81,743.44,567.83,171.84,266.32,644.49,386.15,413.54,247.36,342.95,165.47,293.34,142.95,141.85,202.28,310.46,170.97,340.59,783.61,391.52,137.71,1082.1,206.14,175,801.96,240.1,239.59,196.7,420.97,293.35,314.33,202.9,188.36,254.42,261.41,179.99
110,305.94,551.63,224.27,586.24,656.19,699.53,330.62,391.24,506.67,267.49,389.2,599.6,414.79,288.89,192.93,393.23,187.37,324.68,381.09,621.23,243.84,378.67,178.2,480.61,631.99,528.53,159.92,258.26,509.38,331.66,366.98,221.17,319.08,159.37,272.33,137.88,141.98,172.25,259.99,159.86,294.16,738.73,347.53,136.17,975.71,192.14,176.56,665.55,248.63,249.47,200.52,379.63,305.54,268.76,210.48,187.52,225.4,197.28,168.11
111,281.36,508.17,203.43,528.87,589.98,599.57,297.87,352.72,438.82,252.44,359.22,512.36,382.08,264.26,184.09,330.28,181.41,279.34,348.61,565.4,238.4,323.82,174,450.61,554.57,523.33,155.27,259.33,424.01,300.02,313.8,217.69,287.92,154.79,256.24,134.68,138.85,160.28,230.51,155.81,259.93,633.61,321.08,137.48,854.52,171.82,176.14,500.57,241.36,229.43,193.52,342.66,291.44,229.62,224.06,180.01,209.02,166.01,163.96
112,250.77,430.15,203.84,457.2,544.85,523.43,286.99,342.64,397.91,239.17,350.63,448.21,371.62,246.15,180.94,285.56,182.44,242.47,330.42,527.42,221.08,291.87,166.07,412.65,482.98,489.89,155.86,249.43,410.08,282.09,264.78,211.18,266.56,150.75,242.26,136.99,137.39,161.12,208.53,152.27,232.99,529.41,294.97,133.99,722.16,168.04,171.76,402.63,224.13,195.1,174.93,316.56,243.67,203.06,201.98,170.69,192.27,173.57,172.95
113,243.1,367.7,190.61,378.23,522.76,448.96,269.92,345.81,382.34,212.57,354.28,378.47,318.84,233.51,168.56,259.67,191.84,226.94,307.19,520.24,208.88,262.7,167.4,350.77,427.42,427.23,146.04,219.57,368.54,218.32,265.62,203.41,254.62,149.88,228.58,137.65,137.81,156.94,195.06,149.13,227.69,514.37,265.38,127.78,600.32,166.22,169.7,367.09,204.01,178.79,161.21,313.76,221.74,183.78,191.21,167.1,179.57,183.79,175.1
114,228.34,272.9,170.43,376.49,491.75,375.01,262.18,349.01,384.74,215.67,338.38,279.75,245.02,243.97,168.85,242.31,183.21,217.94,300.44,501.39,211.82,248.03,161.48,352.66,447.93,450.98,148.78,216.85,307.38,184.89,274.31,183.88,243.79,146.86,223.25,136.75,145.79,155.71,185.56,144.77,229.46,432.91,245,136.62,520.62,163.58,172.42,360.96,196.72,162.78,155.91,336.83,203.12,181.13,202.53,151.8,180.22,183.08,160.77
115,232.66,213.04,162.68,333.18,435.54,331.56,253.03,332.84,377.76,210.41,304.77,290.15,241.73,244.21,166.87,226.58,176.9,189.4,252.7,445.27,191.53,209.11,164.4,338.71,429.96,441.82,152.16,214.65,302.06,190.5,256.29,169.29,213.19,142.89,220.19,127.47,161.37,159.29,169.53,149.65,224.28,383.22,238.81,132.51,479.83,149.83,166.3,406.06,221.45,154.35,156.03,362.04,196.1,156.98,202.43,151.01,160.25,154.07,155.67
116,226.86,256.01,165.67,297.57,433.47,321.08,269.41,349.82,364.78,187.77,325.43,351.69,251.95,244.41,161.2,235.11,179.6,193.68,257.66,422.55,191.23,205.96,170.02,352,396.16,429.41,150.68,215.16,276.87,187.09,240.13,153.09,228.15,142.23,283.39,139.07,180.8,163.85,176.51,147.64,215.94,369.76,237.12,134.07,456.35,144.79,170.29,370.66,208.85,160.19,151.64,321.33,193.44,156.91,190.42,157.02,167.12,153.9,158.85
117,240.3,263.67,184.33,295.84,322.39,317.74,254.54,372.58,332.28,176.46,357.82,310.1,242.38,260.04,168.12,241.78,180.12,191.66,258.19,466.1,213.33,212.7,165.31,372.71,407.29,453.71,147.31,223.67,238.6,182.73,245.41,166.52,226.58,145.36,285.27,137.49,192.83,156.68,170.9,147.66,280.09,348.76,260.19,137.49,399.87,158.95,170.76,430.18,196.64,170.47,149.66,358.46,195.71,154.67,183.22,164.3,163.5,160.11,158.48
118,239.93,283.47,195.85,311.1,333.95,314.57,219.09,359.4,347.02,200.16,358.43,290.61,243.56,246.18,163.72,240.65,182.81,193.85,260.35,419.12,218.87,214.25,163.06,353.14,388.72,465.22,142.8,233.16,251.37,175.83,250.56,175.98,226.4,160.26,279.17,142.16,211.27,155.1,169.35,149.45,322.88,352.78,258.21,137.9,372.87,161.54,171.41,427.04,197.46,161.94,152.58,375.08,199.31,158.62,181.98,175.59,161.45,158.8,183.78
119,230.77,315.23,188.86,306.11,388.08,306.9,208.65,343.96,366.95,226.32,336.57,292.19,244.35,218.28,160.43,237.96,186.09,190.63,262.77,352.18,215.27,212.59,164.88,322.15,378.2,468.99,144.49,244.71,275.02,172.72,249.72,175.59,225.71,179.97,263.33,143.74,236.23,155.4,165.57,146.76,311.12,354.34,252.09,135.73,361.75,158.17,170.42,398.04,208.29,149.74,160.28,336.2,196.53,160.3,176.24,168.14,160.24,151.74,187.73
120,237.7,340.77,185.19,294.74,397.43,296.43,212.5,356.98,359.07,252.68,334.75,289.56,241.62,209.15,167.02,233.99,191.31,184.43,248.76,345.33,211.6,212.23,170.03,324.62,394.2,449.9,147.98,241.61,300.12,175.77,259.72,174.17,225.97,212.5,236.85,139.74,273.01,159.75,163.06,144.51,282.78,337.22,251.62,134.53,342.64,154.49,173.97,392.51,210.96,148.3,164.17,305.7,194.1,157.19,172.6,153.99,158.99,149.63,170.46
121,262.34,361.57,204.24,303.22,382.33,294.3,202.74,370.99,335.82,304.39,363.14,281.89,242.2,220.15,176.15,226.8,195.59,185.07,231.08,379.55,208.18,216.34,174.01,355.19,400.14,393.39,147.35,225.05,321.09,179.02,273.16,176.77,229.84,274.71,218.86,138.54,327.65,176.01,169.3,150.71,279.8,331.04,242.01,134.64,320.37,148.87,192.46,400.46,207.93,152.22,164.52,326.21,198.51,156.74,176.48,175.89,162.23,155.07,169.02
122,266.62,395.03,213.06,291.62,363.66,316.07,220.05,332.37,310.43,382.17,360.3,267.81,233.82,214.56,184.35,226.22,185.14,181.41,267.51,393.62,213.29,230.29,165.23,347.39,380.17,355.29,154.14,248.06,254.4,176.31,234.53,178.61,223.51,354.88,216.83,137.13,384.11,198.44,168.72,157.52,269.88,368.71,230.17,130.02,311.98,148.78,225.87,415.48,238.17,149.66,185.86,310.87,193.22,161,164.38,240.54,170.78,156.79,163.01
123,285.58,366.99,191.9,283.86,358.38,365.14,200.68,370.55,318.4,568.5,353.08,279.45,242.08,225.74,205.06,237.05,186.88,171.07,236.24,370.87,210.47,252.81,156.6,304.28,386.39,367.26,149.64,250.4,228.73,178.06,237.6,188.21,215.41,376.61,230.75,141.82,391.45,227.78,168.59,166.78,206.36,349.65,224.76,126.32,292.02,149.76,279.49,422.24,213.35,160.33,216.66,385.11,194.27,163.71,174.16,263.56,163.52,192.76,175.17
124,434.99,382.64,209.7,260.88,333.85,348.33,187.32,407.53,310.63,701.05,306.73,269.08,239.17,214.02,271.88,234.74,183.45,174.98,349.66,388.34,193.79,282.99,166.05,341.5,366.41,392.17,162.71,343.58,274.17,172.1,257.31,193.26,231.59,323.44,216.89,156.86,365.37,326.83,167.73,197.16,313.09,325.91,234,123.61,276.01,222.96,343.86,391.25,228.5,165.93,237.54,396.88,186.28,171.5,166.35,259.92,184.64,179.59,168.66
125,444.03,279.08,288.69,214.71,332.9,315.21,207.4,526.36,309.43,648.89,354.18,269.86,221.47,252.39,327.77,231.77,190.87,186.07,386.95,420.63,201.87,316.07,177.99,351.3,374.48,431.77,175.94,455.67,264.93,196.38,263.07,228.68,232.61,338.64,230.86,194.38,456.17,430.02,207.75,243.99,382.3,355.7,234.54,129.09,273.68,225.04,438.86,365.78,360.83,165.05,294.06,350.25,187.64,186,186.39,235.24,213.78,257.6,174.59
126,561.39,292.75,327.21,219.3,325.96,352.12,248.68,648.77,318.14,896.4,457.48,283.79,198.5,324.9,437.34,229.76,185.54,201.35,464.73,439.01,235.85,427.68,202.5,361.27,380.89,588.81,182.49,543.42,308.04,241.94,328.45,318.35,239.06,306.83,296.57,289.36,417.3,450.68,258.22,294.19,457.67,417.31,271.31,137.15,277.04,267.58,510.8,371.87,407.32,179.39,356.81,419.02,187.51,211.52,202.95,191.61,254.9,261.59,201.46
127,678.8,408.7,360.8,256.25,371.4,382.62,342.86,783.3,346.39,1098.6,692.75,288.8,212.41,429.76,509.45,285.78,185.13,240.55,589.18,527.3,290.16,606.07,255.8,470.77,379.04,781.33,204.9,596.23,466.01,313.25,448.28,446.85,248.38,284.52,418.72,287.04,405.2,475.81,328.04,347.57,488.61,522.87,372.01,143.46,280.61,399.34,544.44,387.04,526.15,208.71,450.68,539.08,192.46,269.14,232.72,229.61,298.41,346.72,236.95
128,671.28,572.91,369.04,303.13,475.44,397.87,460.13,870.16,436.04,1087.8,904.78,316.01,265.85,543.15,487.49,414.64,192.35,317.25,683.95,649.36,332.33,772.28,299.88,667.73,401.15,921.13,208.26,638.8,702.83,384.31,570.61,546.42,272.28,279.18,528.76,268.58,395.79,490.08,412.29,422.56,506.98,719.87,540.2,150.4,289.11,470.46,521,421.73,684.68,253.03,537.37,656.47,202.72,336.14,252,291.04,356.02,473.15,280.12
129,597.22,729.88,325.15,354.14,619.33,431.92,592.98,869.46,597.3,1032.8,999.83,409.51,336.37,630.82,429.98,604.58,195.88,422.47,713.83,782.34,325.41,815.53,287.25,853.96,493.13,984.51,174.89,652.21,929.99,444.5,663.55,598.68,331.09,249.5,566.23,337.84,299.32,457.5,469.21,471.53,543.96,1014.6,724.09,157.79,300.05,390.69,449.3,512.13,726.62,290.64,526.7,776.2,218.67,404.3,241.17,288.56,417.76,520.26,320.94
130,609.63,798.13,296.53,405.61,816.66,453.8,801.38,856.75,764.83,1027.1,1165.4,564.14,418.43,674.41,426.01,826.98,202.44,519.06,743.22,1027.6,284.99,680.85,243.69,958.08,678.9,977.8,173.28,571.53,1074,527.51,735.4,669.26,416.72,207.19,562.51,324.37,263.86,475.26,451.8,378.97,521.04,1309,828.05,158.81,300.98,339.49,390.48,666,678.78,281.86,389.41,880.28,253.44,520.38,246.67,300.73,428.76,576.38,320.8
131,548.67,874.62,267.64,496.75,940.07,501.17,854.3,768,910.36,921.52,946.08,771.9,480.94,669.87,351.28,812.52,242.8,525.38,769.23,1063.5,381.95,655.45,308.02,929.57,923.45,923.26,170.97,598.8,1077.2,563.97,736.15,642.38,440.73,166.53,565.4,297.5,246.06,508.88,426.6,309.42,511.6,1443.3,873.15,170.71,341.32,350.44,357.42,825.91,609.54,316.55,343.16,925.14,305.71,596.64,276.85,323.64,440.93,602.54,285.63
132,485.69,912.68,212.26,650.77,904.87,645.15,842.63,709.41,921.16,977.41,1085.4,982.67,502.32,574.64,334.41,658.87,261.5,527.43,728.49,923.66,490.83,764.22,426.71,806.65,906.95,970,179.1,458.31,1055,578.31,718.96,523.89,414.58,149.92,574.84,203.66,223.67,334.48,412.29,288.36,456.5,1509.4,812.14,150.8,530.45,201.4,323.35,962.67,621.77,374.69,317.37,831.42,298.65,597.28,326.21,278.37,418.44,356.53,239.43
133,418.86,880.64,199.23,708.81,868.08,824.44,810.6,676.58,810.89,624.34,831.51,1091.1,490.63,537.12,306.28,601.38,267.75,455.82,653.53,879.25,312.91,673.74,419.34,730.01,892.63,843.56,163.61,431.04,1046.7,552.43,705.41,438.69,392.1,154.8,492.57,216.16,205.68,265.71,383.94,296.35,404.52,1343.5,773.01,156.86,674.65,196.57,284.82,1028.7,524.47,417.57,301.98,773.78,305.84,562.97,260.19,278.33,368.67,277.49,209.18
134,405.34,742.44,204.62,752.45,862.05,1016.1,714.99,602.07,745.37,483.3,663.63,1050.8,468.86,490.63,268.59,525.55,219.06,412.71,725.67,835.41,250.18,530.2,392.8,679.81,878.13,691.51,157.02,338.27,1015.3,470.24,571.56,363.85,358.75,154.01,391.6,173.45,192.43,241.25,342.91,251.75,365.07,1230.3,688.48,152.21,933.9,218.02,247.12,1141,507.26,365.3,275.56,677.77,334.61,492.76,211.37,267.3,330.37,234.98,176.27
135,379.25,632.8,224.17,744.36,819.98,1194.8,609.13,512.43,709.64,431.75,548.51,988.55,445.4,426.23,226.72,441.21,186.96,413.07,685.47,781.73,238.41,514.89,375.73,595.9,855.11,565.88,156.12,264,882.3,384.57,485.61,298.57,361.08,152.05,320.55,147.37,190.96,231.44,292.51,207.87,321.32,1127.5,610.64,140.75,1144.4,222.43,217.26,1140,442.06,270.95,240.64,563.02,327.04,411.39,203.53,265.57,288.52,198.06,158.61
